Flodnr,Station,Helt islagd,Snö,Stöpsörja,Överis,Mellanvatten övre,Mellanis,Mellanvatten nedre,Stöpis,Kärnis,Hela istäcket,Isen upp hela sjön,Datum,Anmärkning
1,Torneträsk,,18,0,0,0,0,0,0,77,77,,1958-03-14,
1,Torneträsk,,26,0,0,0,0,0,0,76,76,,1958-03-21,
1,Torneträsk,,24,0,0,0,0,0,0,77,77,,1958-03-28,
1,Torneträsk,,18,0,0,0,0,0,0,76,76,,1958-04-04,
1,Torneträsk,,12,0,0,0,0,0,0,74,74,,1958-04-11,
1,Torneträsk,,14,0,0,0,0,0,0,74,74,,1958-04-18,
1,Torneträsk,,16,0,0,0,0,0,0,73,73,,1958-04-25,
1,Torneträsk,,12,6,0,0,0,0,0,68,68,,1958-05-02,
1,Torneträsk,,0,0,0,0,0,0,0,66,66,,1958-05-09,
1,Torneträsk,,0,0,0,0,0,0,9,54,63,,1958-05-16,
1,Torneträsk,,0,10,0,0,0,0,24,30,54,,1958-05-23,
1,Torneträsk,,0,10,0,0,0,0,45,0,45,,1958-05-30,
1,Torneträsk,,0,0,0,0,0,0,30,0,30,,1958-06-06,
1,Torneträsk,1957-12-29,0,0,0,0,0,0,0,0,0,1958-06-22,1958-06-28,
1,Torneträsk,1958-12-18,0,0,0,0,0,0,0,23,23,,1958-12-26,
1,Torneträsk,1958-12-18,5,0,0,0,0,0,0,47,47,,1959-01-09,
1,Torneträsk,,7,0,0,0,0,0,0,51,51,,1959-01-16,
1,Torneträsk,,10,0,0,0,0,0,0,57,57,,1959-01-23,
1,Torneträsk,,10,0,0,0,0,0,0,60,60,,1959-01-30,
1,Torneträsk,,3,0,0,0,0,0,0,62,62,,1959-02-06,
1,Torneträsk,,5,0,0,0,0,0,0,64,64,,1959-02-13,
1,Torneträsk,,2,0,0,0,0,0,0,64,64,,1959-02-20,
1,Torneträsk,,2,0,0,0,0,0,0,65,65,,1959-02-27,
1,Torneträsk,,0,0,0,0,0,0,0,67,67,,1959-03-06,
1,Torneträsk,,0,0,0,0,0,0,0,69,69,,1959-03-13,
1,Torneträsk,,0,0,0,0,0,0,5,68,73,,1959-03-20,
1,Torneträsk,,0,0,0,0,0,0,0,70,70,,1959-03-27,
1,Torneträsk,,0,0,0,0,0,0,0,68,68,,1959-04-03,
1,Torneträsk,,0,0,0,0,0,0,0,69,69,,1959-04-10,
1,Torneträsk,,7,0,0,0,0,0,0,71,71,,1959-04-17,
1,Torneträsk,,7,0,0,0,0,0,0,70,70,,1959-04-24,
1,Torneträsk,,0,0,0,0,0,0,6,60,66,,1959-05-01,
1,Torneträsk,1958-12-18,0,0,0,0,0,0,0,0,0,1959-06-04,1959-06-04,
1,Torneträsk,1959-12-28,0,0,0,0,0,0,0,18,18,,1959-12-28,
1,Torneträsk,1959-12-28,0,0,0,0,0,0,0,38,38,,1960-01-08,
1,Torneträsk,1959-12-28,4,0,0,0,0,0,0,43,43,,1960-01-15,
1,Torneträsk,,7,0,0,0,0,0,0,48,48,,1960-01-22,
1,Torneträsk,,4,0,0,0,0,0,0,57,57,,1960-01-29,
1,Torneträsk,,5,0,0,0,0,0,0,63,63,,1960-02-05,
1,Torneträsk,,12,0,0,0,0,0,0,66,66,,1960-02-12,
1,Torneträsk,,5,0,0,0,0,0,0,72,72,,1960-02-19,
1,Torneträsk,,4,0,0,0,0,0,0,75,75,,1960-02-26,
1,Torneträsk,,12,0,0,0,0,0,0,75,75,,1960-03-04,
1,Torneträsk,,7,0,0,0,0,0,0,79,79,,1960-03-11,
1,Torneträsk,,10,0,0,0,0,0,0,81,81,,1960-03-18,
1,Torneträsk,,5,0,0,0,0,0,0,86,86,,1960-03-25,
1,Torneträsk,,3,0,0,0,0,0,0,88,88,,1960-04-01,
1,Torneträsk,,0,10,0,0,0,0,0,87,87,,1960-04-08,
1,Torneträsk,,2,0,0,0,0,0,2,83,85,,1960-04-15,
1,Torneträsk,,0,0,0,0,0,0,5,82,87,,1960-04-22,
1,Torneträsk,,0,0,0,0,0,0,0,85,85,,1960-04-29,
1,Torneträsk,,0,0,0,0,0,0,5,73,78,,1960-05-06,
1,Torneträsk,,0,0,0,0,0,0,0,71,71,,1960-05-13,
1,Torneträsk,,0,0,0,0,0,0,7,45,52,,1960-05-20,
1,Torneträsk,,0,0,0,0,0,0,0,0,0,,1960-05-27,
1,Torneträsk,1959-12-28,0,0,0,0,0,0,0,0,0,1960-05-31,1960-05-31,
1,Torneträsk,1960-12-20,0,0,0,0,0,0,0,8,8,,1960-12-23,
1,Torneträsk,1960-12-20,5,0,0,0,0,0,0,20,20,,1960-12-30,
1,Torneträsk,1960-12-20,5,0,0,0,0,0,0,26,26,,1961-01-06,
1,Torneträsk,1960-12-20,6,0,0,0,0,0,0,37,37,,1961-01-13,
1,Torneträsk,1960-12-20,10,0,0,0,0,0,0,42,42,,1961-01-20,
1,Torneträsk,,10,0,0,0,0,0,0,45,45,,1961-01-27,
1,Torneträsk,1960-12-20,12,0,0,0,0,0,0,51,51,,1961-02-03,
1,Torneträsk,,0,0,0,0,0,0,37,0,37,,1961-02-06,
1,Torneträsk,,12,0,0,0,0,0,0,52,52,,1961-02-10,
1,Torneträsk,1960-12-20,17,0,0,0,0,0,0,53,53,,1961-02-17,
1,Torneträsk,,3,11,0,0,0,0,0,53,53,,1961-02-24,
1,Torneträsk,,0,0,0,0,10,0,0,50,60,,1961-03-03,
1,Torneträsk,,10,0,0,8,0,0,0,50,58,,1961-03-10,
1,Torneträsk,,5,0,0,0,0,0,0,57,57,,1961-03-17,
1,Torneträsk,,10,0,0,0,0,0,3,57,60,,1961-03-24,
1,Torneträsk,,12,0,0,0,0,0,0,65,65,,1961-03-31,
1,Torneträsk,,7,0,0,0,0,0,0,68,68,,1961-04-07,
1,Torneträsk,,8,0,0,0,0,0,0,70,70,,1961-04-14,
1,Torneträsk,,12,0,0,0,0,0,0,76,76,,1961-04-24,
1,Torneträsk,,12,0,0,0,0,0,0,75,75,,1961-04-28,
1,Torneträsk,,10,0,0,0,0,0,0,71,71,,1961-05-05,
1,Torneträsk,,0,0,0,0,0,0,30,40,70,,1961-05-19,
1,Torneträsk,,0,13,0,0,0,0,30,12,42,,1961-05-26,
1,Torneträsk,1960-12-20,0,0,0,0,0,0,0,0,0,1961-06-10,1961-06-10,
1,Torneträsk,1961-12-13,3,0,0,0,0,0,0,22,22,,1961-12-22,
1,Torneträsk,1961-12-13,7,0,0,0,0,0,0,35,35,,1961-12-29,Genom den stränga kylan är isen jämn och stark
1,Torneträsk,1961-12-13,5,0,0,0,0,0,0,40,40,,1962-01-05,
1,Torneträsk,,10,0,0,0,0,0,0,43,43,,1962-01-12,
1,Torneträsk,,14,0,0,0,0,0,0,53,53,,1962-01-19,
1,Torneträsk,,10,0,0,0,0,0,0,58,58,,1962-01-26,
1,Torneträsk,,5,5,0,0,0,0,0,63,63,,1962-02-02,Lite vatten på isen intill stränderna genom reng.
1,Torneträsk,,3,0,0,0,0,0,0,64,64,,1962-02-09,
1,Torneträsk,,7,0,0,0,0,0,0,65,65,,1962-02-16,
1,Torneträsk,,3,0,0,0,0,0,0,70,70,,1962-02-23,
1,Torneträsk,,7,0,0,0,0,0,0,72,72,,1962-03-02,
1,Torneträsk,,7,0,0,0,0,0,0,76,76,,1962-03-09,
1,Torneträsk,,7,0,0,0,0,0,0,79,79,,1962-03-16,
1,Torneträsk,,10,0,0,0,0,0,0,88,88,,1962-03-23,
1,Torneträsk,,10,0,0,0,0,0,0,92,92,,1962-03-30,
1,Torneträsk,,10,0,0,0,0,0,0,92,92,,1962-04-06,
1,Torneträsk,,12,0,0,0,0,0,0,91,91,,1962-04-13,
1,Torneträsk,,5,10,0,0,0,0,0,90,90,,1962-04-20,
1,Torneträsk,,4,10,0,0,0,0,7,78,85,,1962-04-27,
1,Torneträsk,,5,0,0,0,0,0,8,70,78,,1962-05-04,
1,Torneträsk,,3,0,0,0,0,0,4,70,74,,1962-05-11,
1,Torneträsk,,0,0,0,0,0,0,10,60,70,,1962-05-18,
1,Torneträsk,,0,15,0,0,0,0,20,10,30,,1962-05-25,
1,Torneträsk,,0,0,0,0,0,0,25,0,25,,1962-06-01,"Isen är svag på flera ställen, små vakar vid holmar samt vid jokkas utlopp i träsket"
1,Torneträsk,,,,,,,,,,,,1962-06-08,All trafik på Torneträsk har upphört återkommer med sista rapport så snart det blir isfritt
1,Torneträsk,1961-12-13,0,0,0,0,0,0,0,0,0,1962-06-18,1962-06-18,
1,Torneträsk,1962-12-15,0,0,0,0,0,0,0,6,6,,1962-12-16,"Ingen har än trafikerat isen, men sträng kyla råder så det dröjjer nog inte länge"
1,Torneträsk,1962-12-15,0,0,0,0,0,0,0,21,21,,1962-12-21,Sträng kyla
1,Torneträsk,1962-12-15,3,0,0,0,0,0,0,28,28,,1962-12-28,Bra is
1,Torneträsk,1962-12-15,12,0,0,0,0,0,0,34,34,,1963-01-04,
1,Torneträsk,,14,0,0,0,0,0,0,47,47,,1963-01-11,
1,Torneträsk,,5,0,0,0,0,0,0,49,49,,1963-01-18,
1,Torneträsk,,5,0,0,0,0,0,0,51,51,,1963-01-25,
1,Torneträsk,,8,0,0,0,0,0,0,56,56,,1963-02-01,
1,Torneträsk,,5,0,0,0,0,0,0,58,58,,1963-02-08,
1,Torneträsk,,8,0,0,0,0,0,0,61,61,,1963-02-15,
1,Torneträsk,,14,0,0,0,0,0,0,63,63,,1963-02-22,
1,Torneträsk,,5,0,0,0,0,0,0,70,70,,1963-02-28,
1,Torneträsk,,7,0,0,0,0,0,0,80,80,,1963-03-08,
1,Torneträsk,,15,0,0,0,0,0,0,82,82,,1963-03-15,
1,Torneträsk,,12,0,0,0,0,0,0,83,83,,1963-03-22,
1,Torneträsk,,15,0,0,0,0,0,0,83,83,,1963-03-29,
1,Torneträsk,,15,0,0,0,0,0,0,84,84,,1963-04-04,
1,Torneträsk,,10,0,0,0,0,0,0,82,82,,1963-04-12,
1,Torneträsk,,3,0,0,0,0,0,0,85,85,,1963-04-19,
1,Torneträsk,,5,6,0,0,0,0,0,83,83,,1963-04-26,
1,Torneträsk,,0,0,0,0,0,0,8,75,83,,1963-05-03,
1,Torneträsk,,0,0,0,0,0,0,10,72,82,,1963-05-10,
1,Torneträsk,,0,14,0,0,0,0,0,48,48,,1963-05-17,Små vakar vid bäckens utlopp i träsket
1,Torneträsk,,,,,,,,,,,,1963-05-21,Ingen trafik på isen. Bara vakar å pipis överallt. Återkommer med sista israpporten när träsket är isfritt
1,Torneträsk,,0,0,0,0,0,0,0,0,0,,1964-01-17,"Torneträsket hellt islagd 21/12, stark storm den 24/12 isen går upp, ovanligt varmt å millt för årstiden."
1,Torneträsk,1964-01-27,1,0,0,0,0,0,0,9,9,,1964-01-31,Ingen trafik på isen än
1,Torneträsk,1964-01-27,3,0,0,0,0,0,0,16,16,,1964-02-07,Ännu har ingen trafik på isen förekommit
1,Torneträsk,1964-01-27,5,0,0,0,0,0,0,27,27,,1964-02-14,Kallt
1,Torneträsk,,4,0,0,0,0,0,0,35,35,,1964-02-28,
1,Torneträsk,,5,5,0,0,0,0,0,38,38,,1964-03-06,
1,Torneträsk,,5,0,0,0,0,0,0,48,48,,1964-03-13,
1,Torneträsk,,5,0,0,0,0,0,0,51,51,,1964-03-20,Vackert väder
1,Torneträsk,,5,0,0,0,0,0,0,57,57,,1964-03-27,
1,Torneträsk,,3,0,0,0,0,0,0,70,70,,1964-04-03,
1,Torneträsk,,2,0,0,0,0,0,0,72,72,,1964-04-10,
1,Torneträsk,,3,0,0,0,0,0,0,77,77,,1964-04-17,
1,Torneträsk,,5,10,0,0,0,0,0,76,76,,1964-04-24,
1,Torneträsk,,0,0,0,0,0,0,12,68,80,,1964-04-30,
1,Torneträsk,,0,0,0,0,0,0,15,62,77,,1964-05-08,
1,Torneträsk,,0,0,0,0,0,0,22,48,70,,1964-05-15,Isen är i år ojämn på flera ställen
1,Torneträsk,,0,0,0,0,0,0,38,0,38,,1964-05-22,
1,Torneträsk,,,,,,,,,,,,1964-05-29,"All ismätning upphört, ingen trafik på isen"
1,Torneträsk,1964-01-27,,,,,,,,,,1964-06-08,1964-06-08,"Bara nån som fiska i år ute på isen. Bara stöpis, svag på flera ställen"
1,Torneträsk,1964-12-30,,,,,,,,,,,1964-12-30,"Ingen trafik på isen än, isen är ojämn på flera ställen"
1,Torneträsk,1964-12-30,12,0,0,0,0,0,0,25,25,,1965-01-08,Ingen har ännu gått över till andra sidan endast skidåkare på södra sidan
1,Torneträsk,1965-12-30,8,0,0,0,0,0,0,34,34,,1965-01-15,Isen har blivit stark å bärkraftig efter denna veckas stränga kyla
1,Torneträsk,,10,0,0,0,0,0,0,36,36,,1965-01-22,
1,Torneträsk,,12,0,0,0,0,0,0,42,42,,1965-01-29,
1,Torneträsk,,12,0,0,0,0,0,0,43,43,,1965-02-05,
1,Torneträsk,,15,0,0,0,0,0,0,45,45,,1965-02-12,
1,Torneträsk,,5,0,0,0,0,0,0,47,47,,1965-02-19,
1,Torneträsk,,0,0,0,0,0,0,0,54,54,,1965-02-26,Ingen snö på isen bara is å hård skare
1,Torneträsk,,0,0,0,0,0,0,0,63,63,,1965-03-05,Ingen snö bara hård skare
1,Torneträsk,,15,0,0,0,0,0,0,67,67,,1965-03-19,
1,Torneträsk,,16,0,0,0,0,0,0,70,70,,1965-03-26,
1,Torneträsk,,18,0,0,0,0,0,0,73,73,,1965-04-02,
1,Torneträsk,,23,0,0,0,0,0,0,72,72,,1965-04-09,
1,Torneträsk,,15,0,0,0,0,0,0,70,70,,1965-04-16,
1,Torneträsk,,18,5,0,0,0,0,0,68,68,,1965-04-23,Under snön ligger 5 mm vatten
1,Torneträsk,,0,12,0,0,0,0,5,60,65,,1965-04-30,
1,Torneträsk,,0,10,0,0,0,0,10,53,63,,1965-05-07,
1,Torneträsk,,5,0,0,0,0,0,14,48,62,,1965-05-14,
1,Torneträsk,,0,0,0,0,0,0,10,50,60,,1965-05-24,Hinrad att ta mätningar den 21/5
1,Torneträsk,,0,7,0,0,0,0,0,52,52,,1965-05-28,
1,Torneträsk,,0,10,0,0,0,0,15,30,45,,1965-06-04,Isen är ojämn på flera ställen
1,Torneträsk,,0,0,0,0,0,0,42,0,42,,1965-06-11,"Isen är svag å ojämn, så att trafik på isen har upphört, vakar på en del ställen vid stränderna"
1,Torneträsk,1964-12-30,0,0,0,0,0,0,0,0,0,1965-06-22,1965-06-23,
1,Torneträsk,1965-12-04,0,0,0,0,0,0,0,17,17,,1965-12-04,Ingen trafik på isen har än förekommit
1,Torneträsk,1965-12-04,0,0,0,0,0,0,0,34,34,,1965-12-17,
1,Torneträsk,1965-12-04,0,0,0,0,0,0,0,45,45,,1965-12-24,
1,Torneträsk,1965-12-04,0,0,0,0,0,0,0,53,53,,1965-12-31,
1,Torneträsk,,5,0,0,0,0,0,0,58,58,,1966-01-07,
1,Torneträsk,,10,0,0,0,0,0,0,59,59,,1966-01-14,
1,Torneträsk,,10,0,0,0,0,0,0,62,62,,1966-01-21,
1,Torneträsk,,12,0,0,0,0,0,0,64,64,,1966-01-28,
1,Torneträsk,,10,0,0,0,0,0,0,70,70,,1966-02-04,Ovanligt kallt
1,Torneträsk,,12,0,0,0,0,0,0,77,77,,1966-02-18,Hinder att lämna rapport för veckan 11/2 - 18/2
1,Torneträsk,,13,0,0,0,0,0,0,77,77,,1966-02-25,
1,Torneträsk,,13,0,0,0,0,0,0,81,81,,1966-03-04,
1,Torneträsk,,12,0,0,0,0,0,0,86,86,,1966-03-11,
1,Torneträsk,,13,0,0,0,0,0,0,89,89,,1966-03-18,
1,Torneträsk,,12,0,0,0,0,0,0,91,91,,1966-03-25,
1,Torneträsk,,14,0,0,0,0,0,0,93,93,,1966-04-01,
1,Torneträsk,,12,0,0,0,0,0,0,102,102,,1966-04-22,
1,Torneträsk,,10,0,0,0,0,0,0,103,103,,1966-04-29,
1,Torneträsk,,12,10,0,0,0,0,0,102,102,,1966-05-06,
1,Torneträsk,,0,0,8,4,0,0,0,102,114,,1966-05-13,
1,Torneträsk,,12,0,0,0,0,0,0,96,96,,1966-05-15,Hindrad utföra mätningar den 8/4
1,Torneträsk,,0,10,0,0,0,0,0,98,98,,1966-05-20,
1,Torneträsk,,0,0,0,0,0,0,10,80,90,,1966-05-27,
1,Torneträsk,,0,0,0,0,0,0,15,45,60,,1966-06-03,
1,Torneträsk,,0,0,0,0,0,0,40,0,40,,1966-06-16,Nästan bara stöpis. Isen är ojämn så att all trafik på isen upphört
1,Torneträsk,1955-12-04,0,0,0,0,0,0,0,0,0,1966-06-21,1966-06-26,
1,Torneträsk,1966-12-20,0,0,0,0,0,0,0,8,8,,1966-12-23,"Ingen trafik på isen än, är ojämn å svag på flera ställen"
1,Torneträsk,1966-12-20,0,0,0,0,0,0,0,38,38,,1966-12-30,"Ingen trafik på isen än, män isen är jämn å stark för all trafik"
1,Torneträsk,1966-12-20,0,0,0,0,0,0,0,48,48,,1967-01-06,Ingen snö på isen. Bara intill stränderna
1,Torneträsk,1966-12-20,4,0,0,0,0,0,0,57,57,,1967-01-13,
1,Torneträsk,,7,0,0,0,0,0,0,64,64,,1967-01-20,
1,Torneträsk,,6,0,0,0,0,0,0,67,67,,1967-01-27,
1,Torneträsk,,15,0,0,0,0,0,0,76,76,,1967-02-02,
1,Torneträsk,,5,0,0,0,0,0,0,72,72,,1967-02-03,
1,Torneträsk,,7,0,0,0,0,0,0,79,79,,1967-02-10,
1,Torneträsk,,7,0,0,0,0,0,0,82,82,,1967-02-17,"Ingen lös snö, skarsnö"
1,Torneträsk,,7,0,0,0,0,0,0,84,84,,1967-02-24,
1,Torneträsk,,5,0,0,0,0,0,0,91,91,,1967-03-03,
1,Torneträsk,,5,0,0,0,0,0,0,91,91,,1967-03-10,
1,Torneträsk,,3,0,0,0,0,0,0,92,92,,1967-03-17,
1,Torneträsk,,6,0,0,0,0,0,0,93,93,,1967-03-24,
1,Torneträsk,,5,0,0,0,0,0,0,93,93,,1967-03-31,
1,Torneträsk,,4,0,0,0,0,0,13,85,98,,1967-04-02,
1,Torneträsk,,5,0,0,0,0,0,0,95,95,,1967-04-07,
1,Torneträsk,,0,4,0,0,0,0,0,94,94,,1967-04-14,
1,Torneträsk,,4,0,0,0,0,0,27,70,97,,1967-04-28,
1,Torneträsk,,0,0,0,0,0,0,23,75,98,,1967-05-05,Fint å färdas på isen
1,Torneträsk,,0,0,0,0,0,0,28,70,98,,1967-05-12,Bra trafikförhållanden
1,Torneträsk,,0,0,0,0,0,0,25,65,90,,1967-05-19,
1,Torneträsk,,0,0,0,0,0,0,35,35,70,,1967-05-26,Små vakar vid jokkars utlopp i träsket
1,Torneträsk,,0,0,0,0,0,0,40,0,40,,1967-06-02,Isen är svag på flera ställen. Ingen trafik på isen mer. Landlöst överallt vid stränderna
1,Torneträsk,1966-12-20,0,0,0,0,0,0,0,0,0,1967-06-17,1967-06-30,
1,Torneträsk,1967-12-13,0,0,0,0,0,0,0,12,12,,1967-12-14,Ingen trafik på isen än
1,Torneträsk,1967-12-13,12,0,0,0,0,0,0,27,27,,1967-12-22,"Ingen trafik på isen har förekommit än män isen är jämn å stark, fortfarande kallt"
1,Torneträsk,1967-12-13,8,0,0,0,0,0,0,35,35,,1967-12-29,
1,Torneträsk,1967-12-13,10,0,0,0,0,0,0,43,43,,1968-01-05,
1,Torneträsk,1967-12-13,12,0,0,0,0,0,0,58,58,,1968-01-12,
1,Torneträsk,,10,0,0,0,0,0,0,68,68,,1968-01-19,Kallt
1,Torneträsk,,12,0,0,0,0,0,0,71,71,,1968-01-26,
1,Torneträsk,,22,0,0,0,0,0,0,76,76,,1968-02-09,
1,Torneträsk,,23,0,0,0,0,0,0,77,77,,1968-02-16,
1,Torneträsk,,18,0,0,0,0,0,0,78,78,,1968-02-23,
1,Torneträsk,,15,0,0,0,0,0,0,78,78,,1968-03-01,
1,Torneträsk,,28,0,0,0,0,0,0,80,80,,1968-03-08,
1,Torneträsk,,28,0,0,0,0,0,0,85,85,,1968-03-15,Isen är ojämn på en del ställen på grund av snöns tjocklek
1,Torneträsk,,25,0,0,0,0,0,0,88,88,,1968-03-22,
1,Torneträsk,,26,0,0,0,0,0,0,88,88,,1968-03-29,
1,Torneträsk,,23,0,0,0,0,0,0,90,90,,1968-04-05,
1,Torneträsk,,15,0,0,0,0,0,0,88,88,,1968-04-12,
1,Torneträsk,,15,0,0,0,0,0,4,84,88,,1968-04-19,
1,Torneträsk,,10,0,0,0,0,0,15,73,88,,1968-04-26,
1,Torneträsk,,10,0,0,0,0,0,9,80,89,,1968-05-03,
1,Torneträsk,,10,0,0,0,0,0,15,70,85,,1968-05-10,
1,Torneträsk,,5,0,0,0,0,17,20,50,87,,1968-05-17,
1,Torneträsk,,5,0,0,15,0,0,20,50,85,,1968-05-24,Sen vår
1,Torneträsk,,0,15,5,0,0,0,25,50,80,,1968-05-31,Svårt att färdas på isen på grund vatten å stöpis
1,Torneträsk,,0,0,0,0,0,0,15,50,65,,1968-06-07,Vakar endast vid bäckarnas utlopp i träsket
1,Torneträsk,,,,,,,,,,,,1968-06-14,"All trafik på isen har upphört vakar på en del ställen, landlöst överallt"
1,Torneträsk,1967-12-13,0,0,0,0,0,0,0,0,0,1968-06-25,1968-06-27,
1,Torneträsk,1968-12-27,0,0,0,0,0,0,0,5,5,,1968-12-28,Ingen trafik på isen än
1,Torneträsk,1968-12-27,7,0,0,0,0,0,0,9,9,,1969-01-03,Ingen trafik på isen än
1,Torneträsk,1968-12-27,10,0,0,0,0,0,0,15,15,,1969-01-10,
1,Torneträsk,1968-12-27,3,0,0,0,0,0,0,28,28,,1969-01-17,
1,Torneträsk,,0,0,0,0,0,0,0,38,38,,1969-01-24,"Sträng kyla, stark is"
1,Torneträsk,,5,0,0,0,0,0,0,57,57,,1969-01-31,
1,Torneträsk,,3,0,0,0,0,0,0,81,81,,1969-02-02,Sträng kyla
1,Torneträsk,,3,0,0,0,0,0,0,72,72,,1969-02-07,Mycket god is
1,Torneträsk,,3,0,0,0,0,0,0,78,78,,1969-02-14,Sträng kyla
1,Torneträsk,,3,0,0,0,0,0,0,82,82,,1969-02-28,
1,Torneträsk,,10,0,0,0,0,0,0,79,79,,1969-03-07,
1,Torneträsk,,10,0,0,0,0,0,0,80,80,,1969-03-14,
1,Torneträsk,,7,0,0,0,0,0,0,83,83,,1969-03-21,
1,Torneträsk,,10,0,0,0,0,0,0,85,85,,1969-03-28,
1,Torneträsk,,12,0,0,0,0,0,0,87,87,,1969-04-04,
1,Torneträsk,,0,12,0,0,0,0,0,87,87,,1969-04-11,
1,Torneträsk,,5,0,0,0,0,0,0,90,90,,1969-04-18,
1,Torneträsk,,0,0,0,0,0,0,0,90,90,,1969-04-25,
1,Torneträsk,,0,0,0,0,0,0,0,90,90,,1969-05-02,Ingen förändring på isen
1,Torneträsk,,0,0,0,0,0,0,0,88,88,,1969-05-09,Sen vår
1,Torneträsk,,0,0,0,0,0,0,0,85,85,,1969-05-16,Sen vår
1,Torneträsk,,0,0,0,0,0,0,3,78,81,,1969-05-23,
1,Torneträsk,,0,0,0,0,0,0,20,50,70,,1969-05-30,
1,Torneträsk,,0,0,0,0,0,0,58,0,58,,1969-06-06,Nån kärnis finns inte män hård pipis med mellanvatten
1,Torneträsk,,0,0,0,0,0,0,35,0,35,,1969-06-11,All trafik på isen har upphört. Landlöst nästan överallt. Svårt att komma ut på isen. All ismätning upphör
1,Torneträsk,1968-12-27,0,0,0,0,0,0,0,0,0,1969-06-24,1969-06-24,
1,Torneträsk,1969-12-07,0,0,0,0,0,0,0,4,4,,1969-12-07,Träsket hellt islagd 7/12 men genom den milda väderleken å stark stormen är det så gått som isfritt igen
1,Torneträsk,1969-12-18,,,,,,,,,,,1969-12-18,Ingen ismätning har förekommit än å ingen trafik på isen än
1,Torneträsk,1969-12-18,0,0,0,0,0,0,0,17,17,,1969-12-26,Ingen trafik har förekommit på isen än. Men isen är jämn å stark å inga vakar finns
1,Torneträsk,1969-12-18,0,0,0,0,0,0,0,27,27,,1970-01-02,Jämn å stark is män ingen trafik på isen har förekommit än
1,Torneträsk,1969-12-18,4,0,0,0,0,0,0,38,38,,1970-01-09,
1,Torneträsk,1969-12-18,2,0,0,0,0,0,0,48,48,,1970-01-16,Mycket gått för trafik på Tårneträsk
1,Torneträsk,,4,0,0,0,0,0,0,55,55,,1970-01-23,
1,Torneträsk,,4,0,0,0,0,0,0,56,56,,1970-01-30,
1,Torneträsk,,3,0,0,0,0,0,0,62,62,,1970-02-06,
1,Torneträsk,,2,0,0,0,0,0,0,71,71,,1970-02-13,
1,Torneträsk,,5,0,0,0,0,0,0,76,76,,1970-02-20,
1,Torneträsk,,5,0,0,0,0,0,0,78,78,,1970-02-27,
1,Torneträsk,,5,0,0,0,0,0,0,81,81,,1970-03-06,
1,Torneträsk,,8,0,0,0,0,0,0,82,82,,1970-03-13,Jämn å bra is
1,Torneträsk,,8,0,0,0,0,0,0,83,83,,1970-03-20,Fint på isen
1,Torneträsk,,8,0,0,0,0,0,0,83,83,,1970-03-27,Fint före på isen
1,Torneträsk,,7,0,0,0,0,0,0,87,87,,1970-04-03,
1,Torneträsk,,5,0,0,0,0,0,0,86,86,,1970-04-10,
1,Torneträsk,,5,0,0,0,0,0,0,88,88,,1970-04-17,
1,Torneträsk,,5,0,0,0,0,0,0,88,88,,1970-04-24,"Inga vårtecken, bara vinter å kallt"
1,Torneträsk,,12,0,0,0,0,0,0,90,90,,1970-04-30,Stark is 10 cm nysnö
1,Torneträsk,,0,10,0,0,0,0,13,75,88,,1970-05-08,
1,Torneträsk,,0,0,0,0,0,0,6,78,84,,1970-05-15,
1,Torneträsk,,0,0,0,0,0,0,10,70,80,,1970-05-22,
1,Torneträsk,,0,0,0,0,0,0,12,56,68,,1970-05-29,På en del ställen svårt att komma ut på isen
1,Torneträsk,,0,0,0,0,0,0,42,0,42,,1970-06-05,All trafik på isen har upphört. Ismätning för vintern är slut
1,Torneträsk,1969-12-18,0,0,0,0,0,0,0,0,0,1970-06-12,1970-06-12,
1,Torneträsk,1970-12-31,0,0,0,0,0,0,0,7,7,,1970-12-31,"Ingen trafik på isen än. Har inte fått nån iskarta för isläggning, män om det behövs så går det å få"
1,Torneträsk,,12,0,0,0,0,0,0,55,55,,1971-01-05,
1,Torneträsk,1970-12-31,0,0,0,0,0,0,0,28,28,,1971-01-08,"Ännu har ingen trafik på isen börjat män isen är jämn å ingen snö, män går säkert å trafikera"
1,Torneträsk,,0,0,0,0,0,0,0,32,32,,1971-01-15,
1,Torneträsk,,5,0,0,0,0,0,0,48,48,,1971-01-29,
1,Torneträsk,,8,0,0,0,0,0,0,56,56,,1971-02-12,
1,Torneträsk,,10,0,0,0,0,0,0,58,58,,1971-02-19,
1,Torneträsk,,2,0,0,0,0,0,0,43,43,,1971-02-22,
1,Torneträsk,,7,0,0,0,0,0,0,62,62,,1971-02-26,
1,Torneträsk,,10,0,0,0,0,0,0,70,70,,1971-03-05,
1,Torneträsk,,12,0,0,0,0,0,0,73,73,,1971-03-12,
1,Torneträsk,,8,0,0,0,0,0,0,82,82,,1971-03-19,
1,Torneträsk,,10,0,0,0,0,0,0,87,87,,1971-03-26,
1,Torneträsk,,2,0,0,0,0,0,0,94,94,,1971-04-02,
1,Torneträsk,,6,0,0,0,0,0,0,94,94,,1971-04-09,
1,Torneträsk,,5,0,0,0,0,0,0,94,94,,1971-04-16,
1,Torneträsk,,8,0,0,0,0,0,0,93,93,,1971-04-23,
1,Torneträsk,,10,0,0,0,0,0,10,85,95,,1971-05-06,
1,Torneträsk,,4,0,0,0,0,0,7,80,87,,1971-05-14,
1,Torneträsk,,0,0,0,0,0,0,10,75,85,,1971-05-21,Snö finns bara på norra sidan träsket
1,Torneträsk,,0,0,10,0,0,12,0,50,72,,1971-05-28,Snö på isen endast på norra sidan träsket
1,Torneträsk,,0,0,0,0,0,0,52,0,52,,1971-06-04,"Isen är ojämn på flera ställen, på en del ställen svårt att komma ut på isen"
1,Torneträsk,1970-12-31,0,0,0,0,0,0,0,0,0,1971-06-18,1971-06-18,
1,Torneträsk,,0,0,0,0,0,0,0,0,0,,1971-12-19,
1,Torneträsk,,0,0,0,0,0,0,0,0,0,,1971-12-21,
1,Torneträsk,,0,0,0,0,0,0,0,0,0,,1971-12-28,
1,Torneträsk,1972-01-05,0,0,0,0,0,0,0,16,16,,1972-01-04,
1,Torneträsk,1972-01-08,0,0,0,0,0,0,0,22,22,,1972-01-11,
1,Torneträsk,,1,0,0,0,0,0,0,38,38,,1972-01-19,
1,Torneträsk,,0,0,0,0,0,0,0,49,49,,1972-01-25,
1,Torneträsk,,1,0,0,0,0,0,0,57,57,,1972-02-01,
1,Torneträsk,,5,0,0,0,0,0,0,67,67,,1972-02-08,
1,Torneträsk,,2,0,0,0,0,0,0,71,71,,1972-02-15,
1,Torneträsk,,2,0,0,0,0,0,2,75,77,,1972-02-22,
1,Torneträsk,,1,0,0,0,0,0,0,81,81,,1972-02-29,
1,Torneträsk,,1,0,0,0,0,0,0,86,86,,1972-03-07,
1,Torneträsk,,3,0,0,0,0,0,0,91,91,,1972-03-14,
1,Torneträsk,,0,32,0,0,0,0,0,91,91,,1972-03-21,
1,Torneträsk,,0,0,0,0,0,0,5,91,96,,1972-03-28,
1,Torneträsk,,0,0,0,0,0,0,0,98,98,,1972-04-04,
1,Torneträsk,,0,0,0,0,0,0,0,97,97,,1972-04-11,
1,Torneträsk,,1,0,0,0,0,0,5,92,97,,1972-04-18,
1,Torneträsk,,1,0,0,0,0,0,3,92,95,,1972-04-25,
1,Torneträsk,,1,0,0,0,0,0,3,93,96,,1972-05-02,
1,Torneträsk,,0,0,0,0,0,0,3,91,94,,1972-05-09,
1,Torneträsk,,0,0,0,0,0,0,2,88,90,,1972-05-16,
1,Torneträsk,,0,0,0,0,0,0,0,81,81,,1972-05-23,
1,Torneträsk,,0,0,0,0,0,0,0,65,65,,1972-05-30,
1,Torneträsk,,0,0,0,0,0,0,0,0,0,,1972-06-06,
1,Torneträsk,,0,0,0,0,0,0,0,0,0,,1972-06-13,
1,Torneträsk,,0,0,0,0,0,0,0,0,0,1972-06-18,1972-06-20,
1,Torneträsk,,0,0,0,0,0,0,0,0,0,,1972-06-27,Allra sista isflaket
1,Torneträsk,1972-12-12,0,0,0,0,0,0,0,0,0,,1972-12-12,
1,Torneträsk,1972-12-12,0,0,0,0,0,0,0,0,0,,1972-12-26,
1,Torneträsk,,0,0,0,0,0,0,0,0,0,,1973-01-09,
1,Torneträsk,1973-01-15,0,0,0,0,0,0,0,7,7,,1973-01-16,
1,Torneträsk,1973-01-14,0,0,0,0,0,0,0,18,18,,1973-01-23,
1,Torneträsk,1973-01-14,2,0,0,0,0,0,0,25,25,,1973-01-30,
1,Torneträsk,,1,0,0,0,0,0,0,27,27,,1973-02-06,
1,Torneträsk,,0,0,0,0,0,0,0,37,37,,1973-02-13,
1,Torneträsk,,1,0,0,0,0,0,0,41,41,,1973-02-20,
1,Torneträsk,,3,0,0,0,0,0,0,50,50,,1973-02-27,
1,Torneträsk,,6,0,0,0,0,0,0,55,55,,1973-03-06,
1,Torneträsk,,0,0,0,0,0,0,1,58,59,,1973-03-13,
1,Torneträsk,,0,0,0,0,0,0,0,60,60,,1973-03-20,
1,Torneträsk,,0,0,0,0,0,0,1,61,62,,1973-03-27,
1,Torneträsk,,0,0,0,0,0,0,1,61,62,,1973-04-03,
1,Torneträsk,,2,0,0,0,0,0,1,62,63,,1973-04-10,
1,Torneträsk,,3,0,0,0,0,0,1,64,65,,1973-04-17,
1,Torneträsk,,1,0,0,0,0,0,3,62,65,,1973-04-24,
1,Torneträsk,,6,0,0,0,0,0,2,64,66,,1973-05-01,
1,Torneträsk,,1,0,0,0,0,0,2,63,65,,1973-05-08,
1,Torneträsk,,0,0,0,0,0,0,0,59,59,,1973-05-15,
1,Torneträsk,,0,0,0,0,0,0,0,51,51,,1973-05-22,
1,Torneträsk,,0,0,0,0,0,0,0,44,44,,1973-05-29,
1,Torneträsk,,0,0,0,0,0,0,0,0,0,,1973-06-05,
1,Torneträsk,,0,0,0,0,0,0,0,0,0,1973-06-13,1973-06-12,
1,Torneträsk,1973-12-02,1,0,0,0,0,0,2,6,8,,1973-12-04,
1,Torneträsk,1973-12-02,3,0,0,0,0,0,2,17,19,,1973-12-11,
1,Torneträsk,,2,0,0,0,0,0,1,26,27,,1973-12-18,
1,Torneträsk,1973-12-02,35,0,0,0,0,0,3,30,33,,1973-12-25,
1,Torneträsk,,12,0,0,0,0,0,3,38,41,,1974-01-01,
1,Torneträsk,,0,0,0,0,0,0,3,40,43,,1974-01-08,
1,Torneträsk,,5,0,0,0,0,0,3,43,46,,1974-01-15,
1,Torneträsk,,7,0,0,0,0,0,4,44,48,,1974-01-18,
1,Torneträsk,,0,4,0,0,0,0,3,50,53,,1974-01-25,
1,Torneträsk,,10,0,0,0,0,0,2,62,64,,1974-02-01,
1,Torneträsk,,8,0,0,0,0,0,2,56,58,,1974-02-08,
1,Torneträsk,,0,0,0,0,0,0,3,64,67,,1974-02-15,
1,Torneträsk,,0,0,0,0,0,0,5,57,62,,1974-02-22,
1,Torneträsk,,20,0,0,0,0,0,4,66,70,,1974-03-01,
1,Torneträsk,,7,0,0,0,0,0,6,67,73,,1974-03-08,
1,Torneträsk,,7,0,0,0,0,0,5,74,79,,1974-03-15,
1,Torneträsk,,5,0,0,0,0,0,8,74,82,,1974-03-22,
1,Torneträsk,,0,0,0,0,0,0,5,79,84,,1974-03-29,
1,Torneträsk,,0,2,0,0,0,0,8,77,85,,1974-04-05,
1,Torneträsk,,0,0,0,0,0,0,2,81,83,,1974-04-12,
1,Torneträsk,,0,0,0,0,0,0,3,78,81,,1974-04-20,
1,Torneträsk,,0,0,0,0,0,0,2,80,82,,1974-04-26,
1,Torneträsk,,1,0,0,0,0,0,0,72,72,,1974-05-03,
1,Torneträsk,,0,0,0,0,0,0,1,75,76,,1974-05-10,
1,Torneträsk,,0,0,0,0,0,0,0,65,65,,1974-05-17,
1,Torneträsk,,0,0,0,0,0,0,0,57,57,,1974-05-24,
1,Torneträsk,,0,0,0,0,0,0,0,0,0,,1974-05-31,
1,Torneträsk,,0,0,0,0,0,0,0,0,0,,1974-06-07,
1,Torneträsk,,0,0,0,0,0,0,0,0,0,1974-06-11,1974-06-12,
1,Torneträsk,1974-12-27,0,0,0,0,0,0,0,6,6,,1974-12-27,
1,Torneträsk,1974-12-27,1,0,0,0,0,0,8,13,21,,1975-01-03,
1,Torneträsk,1974-12-27,1,0,0,0,0,0,3,25,28,,1975-01-10,
1,Torneträsk,,13,0,0,0,0,0,8,28,36,,1975-01-17,
1,Torneträsk,,11,0,0,0,0,0,5,36,41,,1975-01-24,
1,Torneträsk,,8,0,0,0,0,0,15,32,47,,1975-01-31,
1,Torneträsk,,2,0,0,0,0,0,14,38,52,,1975-02-08,
1,Torneträsk,,3,0,0,0,0,0,11,42,53,,1975-02-14,
1,Torneträsk,,5,0,0,0,0,0,12,44,56,,1975-02-21,
1,Torneträsk,,0,0,0,0,0,0,15,45,60,,1975-02-28,
1,Torneträsk,,1,0,0,0,0,0,9,53,62,,1975-03-07,
1,Torneträsk,,0,0,0,0,0,0,1,65,66,,1975-03-14,
1,Torneträsk,,0,0,0,0,0,0,3,60,63,,1975-03-23,
1,Torneträsk,,21,0,0,0,0,0,0,66,66,,1975-03-29,
1,Torneträsk,,0,0,0,0,0,0,0,71,71,,1975-04-05,
1,Torneträsk,,2,0,0,0,0,0,3,71,74,,1975-04-11,
1,Torneträsk,,2,0,0,0,0,0,7,69,76,,1975-04-18,
1,Torneträsk,,2,0,0,0,0,0,9,67,76,,1975-04-25,
1,Torneträsk,,0,0,0,0,0,0,8,66,74,,1975-05-02,
1,Torneträsk,,0,0,0,0,0,0,9,57,66,,1975-05-09,
1,Torneträsk,,0,0,0,0,0,0,0,0,0,,1975-05-16,
1,Torneträsk,,0,0,0,0,0,0,0,0,0,,1975-05-23,
1,Torneträsk,,0,0,0,0,0,0,0,0,0,,1975-05-30,
1,Torneträsk,,0,0,0,0,0,0,0,0,0,,1975-06-06,
1,Torneträsk,,0,0,0,0,0,0,0,0,0,1975-06-09,1975-06-13,
1,Torneträsk,1975-12-30,15,0,3,0,0,2,0,5,10,,1975-12-31,
1,Torneträsk,,0,0,0,0,0,0,0,33,33,,1976-01-09,
1,Torneträsk,,0,0,0,0,0,0,0,48,48,,1976-01-16,
1,Torneträsk,,9,0,0,0,0,0,0,55,55,,1976-01-23,
1,Torneträsk,,10,0,0,0,0,0,0,60,60,,1976-01-30,
1,Torneträsk,,16,0,0,0,0,0,0,71,71,,1976-02-06,
1,Torneträsk,,13,0,0,0,0,0,0,62,62,,1976-02-13,
1,Torneträsk,,1,0,0,0,0,0,0,67,67,,1976-02-20,
1,Torneträsk,,3,0,0,0,0,0,0,66,66,,1976-02-27,
1,Torneträsk,,10,0,0,0,0,0,0,74,74,,1976-03-05,
1,Torneträsk,,5,0,0,0,0,0,1,76,77,,1976-03-12,
1,Torneträsk,,9,0,0,0,0,0,0,82,82,,1976-03-19,
1,Torneträsk,,10,0,0,0,0,0,0,83,83,,1976-03-26,
1,Torneträsk,,3,0,0,0,0,0,0,86,86,,1976-04-02,
1,Torneträsk,,5,0,0,0,0,0,0,90,90,,1976-04-09,
1,Torneträsk,,5,0,0,0,0,0,0,88,88,,1976-04-16,
1,Torneträsk,,1,0,0,0,0,0,6,76,82,,1976-04-23,
1,Torneträsk,,1,0,0,0,0,0,0,86,86,,1976-04-30,
1,Torneträsk,,2,0,0,0,0,0,5,79,84,,1976-05-07,
1,Torneträsk,,0,0,0,0,0,0,0,75,75,,1976-05-14,
1,Torneträsk,,0,0,0,0,0,0,4,61,65,,1976-05-21,
1,Torneträsk,,0,0,0,0,0,0,0,0,0,,1976-05-28,
1,Torneträsk,,0,0,0,0,0,0,0,0,0,,1976-06-04,
1,Torneträsk,,0,0,0,0,0,0,0,0,0,,1976-06-11,
1,Torneträsk,,0,0,0,0,0,0,0,0,0,1976-06-11,1976-06-18,
1,Torneträsk,1976-12-14,2,0,0,0,0,0,0,15,15,,1976-12-17,
1,Torneträsk,,1,0,0,0,0,0,0,24,24,,1976-12-24,
1,Torneträsk,,2,0,0,0,0,0,0,43,43,,1976-12-31,
1,Torneträsk,,3,0,0,0,0,0,0,43,43,,1977-01-07,
1,Torneträsk,,2,0,0,0,0,0,0,49,49,,1977-01-14,
1,Torneträsk,,6,0,0,0,0,0,0,56,56,,1977-01-21,
1,Torneträsk,,1,0,0,0,0,0,0,64,64,,1977-01-28,
1,Torneträsk,,8,0,0,0,0,0,0,68,68,,1977-02-04,
1,Torneträsk,,12,0,0,0,0,0,0,73,73,,1977-02-11,
1,Torneträsk,,11,0,0,0,0,0,0,75,75,,1977-02-18,
1,Torneträsk,,8,0,0,0,0,0,0,82,82,,1977-02-25,
1,Torneträsk,,14,0,0,0,0,0,0,84,84,,1977-03-04,
1,Torneträsk,,17,0,0,0,0,0,0,88,88,,1977-03-18,
1,Torneträsk,,17,0,0,0,0,0,0,89,89,,1977-03-26,
1,Torneträsk,,19,0,0,0,0,0,0,89,89,,1977-04-01,
1,Torneträsk,,17,0,0,0,0,0,0,93,93,,1977-04-08,
1,Torneträsk,,16,0,0,0,0,0,0,93,93,,1977-04-15,
1,Torneträsk,,21,0,0,0,0,0,0,93,93,,1977-04-22,
1,Torneträsk,,14,1,0,0,0,0,7,90,97,,1977-04-29,
1,Torneträsk,,6,2,0,0,0,0,0,94,94,,1977-05-06,
1,Torneträsk,,8,2,0,0,0,0,0,95,95,,1977-05-13,
1,Torneträsk,,4,0,0,0,0,0,0,89,89,,1977-05-20,
1,Torneträsk,,0,0,0,0,0,0,33,45,78,,1977-05-27,
1,Torneträsk,,0,0,0,0,0,0,0,70,70,,1977-06-03,
1,Torneträsk,,0,0,0,0,0,0,0,0,0,,1977-06-10,
1,Torneträsk,,0,0,0,0,0,0,0,0,0,1977-06-17,1977-06-17,
1,Torneträsk,1977-12-28,1,0,0,0,0,0,0,10,10,,1977-12-30,
1,Torneträsk,,3,0,0,0,0,0,0,21,21,,1978-01-06,
1,Torneträsk,,24,4,0,0,0,0,0,25,25,,1978-01-20,
1,Torneträsk,,17,0,0,0,0,0,0,32,32,,1978-01-27,
1,Torneträsk,,10,0,0,0,0,0,0,35,35,,1978-02-03,
1,Torneträsk,,17,0,0,0,0,0,2,35,37,,1978-02-10,
1,Torneträsk,,0,0,0,0,0,0,0,47,47,,1978-02-17,
1,Torneträsk,,12,0,0,0,0,0,2,43,45,,1978-02-25,
1,Torneträsk,,12,0,0,0,0,0,5,49,54,,1978-03-17,
1,Torneträsk,,13,0,0,0,0,0,6,51,57,,1978-03-25,
1,Torneträsk,,16,0,0,0,0,0,0,58,58,,1978-03-31,
1,Torneträsk,,15,0,0,0,0,0,0,60,60,,1978-04-07,
1,Torneträsk,,0,0,0,0,0,0,0,63,63,,1978-04-15,
1,Torneträsk,,11,0,0,0,0,0,8,68,76,,1978-04-21,
1,Torneträsk,,13,0,0,0,0,0,3,73,76,,1978-04-29,
1,Torneträsk,,15,3,0,0,0,0,7,63,70,,1978-05-05,
1,Torneträsk,,13,0,0,0,0,0,6,64,70,,1978-05-12,
1,Torneträsk,,0,1,0,0,0,0,4,62,66,,1978-05-19,
1,Torneträsk,,0,0,0,0,0,0,3,44,47,,1978-05-26,
1,Torneträsk,,0,0,0,0,0,0,0,0,0,,1978-06-02,
1,Torneträsk,,0,0,0,0,0,0,0,0,0,,1978-06-09,
1,Torneträsk,,0,0,0,0,0,0,0,0,0,1978-06-10,1978-06-16,
1,Torneträsk,1978-12-02,1,0,0,0,0,0,0,15,15,,1978-12-08,
1,Torneträsk,,1,0,0,0,0,0,0,28,28,,1978-12-15,
1,Torneträsk,,3,0,0,0,0,0,0,43,43,,1978-12-22,
1,Torneträsk,,4,0,0,0,0,0,0,49,49,,1978-12-29,
1,Torneträsk,,4,0,0,0,0,0,0,56,56,,1979-01-05,
1,Torneträsk,,8,0,0,0,0,0,0,64,64,,1979-01-12,
1,Torneträsk,,10,0,0,0,0,0,0,66,66,,1979-01-19,
1,Torneträsk,,5,0,0,0,0,0,0,68,68,,1979-01-26,
1,Torneträsk,,3,0,0,0,0,0,0,77,77,,1979-02-02,
1,Torneträsk,,4,0,0,0,0,0,0,91,91,,1979-02-09,
1,Torneträsk,,6,0,0,0,0,0,0,94,94,,1979-02-16,
1,Torneträsk,,1,0,0,0,0,0,0,100,100,,1979-02-23,
1,Torneträsk,,11,0,0,0,0,0,0,98,98,,1979-03-02,
1,Torneträsk,,7,0,0,0,0,0,0,103,103,,1979-03-09,
1,Torneträsk,,8,0,0,0,0,0,0,103,103,,1979-03-16,
1,Torneträsk,,7,0,0,0,0,0,0,105,105,,1979-03-23,
1,Torneträsk,,11,0,0,0,0,0,0,106,106,,1979-03-30,
1,Torneträsk,,9,0,0,0,0,0,0,106,106,,1979-04-06,
1,Torneträsk,,11,0,0,0,0,0,0,105,105,,1979-04-13,
1,Torneträsk,,9,0,0,0,0,0,0,105,105,,1979-04-20,
1,Torneträsk,,2,0,0,0,0,0,0,105,105,,1979-04-27,
1,Torneträsk,,5,0,0,0,0,0,2,101,103,,1979-05-04,
1,Torneträsk,,0,0,0,0,0,0,2,103,105,,1979-05-11,
1,Torneträsk,,0,0,0,0,0,0,0,104,104,,1979-05-18,
1,Torneträsk,,0,0,0,0,0,0,3,88,91,,1979-05-25,
1,Torneträsk,,0,0,0,0,0,0,0,0,0,,1979-06-01,
1,Torneträsk,,0,0,0,0,0,0,0,0,0,,1979-06-08,
1,Torneträsk,,0,0,0,0,0,0,0,0,0,1979-06-13,1979-06-15,
1,Torneträsk,1979-12-12,0,0,0,0,0,0,0,9,9,,1979-12-14,
1,Torneträsk,,1,0,0,0,0,0,0,23,23,,1979-12-21,
1,Torneträsk,,0,0,0,0,0,0,0,28,28,,1979-12-28,
1,Torneträsk,,2,0,0,0,0,0,0,32,32,,1980-01-04,
1,Torneträsk,,1,0,0,0,0,0,0,44,44,,1980-01-11,
1,Torneträsk,,1,0,0,0,0,0,0,49,49,,1980-01-18,
1,Torneträsk,,0,0,0,0,0,0,0,58,58,,1980-01-25,
1,Torneträsk,,6,0,0,0,0,0,0,82,82,,1980-02-08,
1,Torneträsk,,13,0,0,0,0,0,0,74,74,,1980-02-15,
1,Torneträsk,,3,0,0,0,0,0,0,85,85,,1980-02-22,
1,Torneträsk,,7,0,0,0,0,0,0,83,83,,1980-02-29,
1,Torneträsk,,10,0,0,0,0,0,0,87,87,,1980-03-06,
1,Torneträsk,,7,0,0,0,0,0,0,93,93,,1980-03-14,
1,Torneträsk,,8,0,0,0,0,0,0,95,95,,1980-03-21,
1,Torneträsk,,7,0,0,0,0,0,0,95,95,,1980-03-28,
1,Torneträsk,,10,0,0,0,0,0,0,95,95,,1980-04-04,
1,Torneträsk,,4,0,0,0,0,0,0,98,98,,1980-04-11,
1,Torneträsk,,2,0,0,0,0,0,0,99,99,,1980-04-18,
1,Torneträsk,,0,0,0,0,0,0,0,99,99,,1980-04-25,
1,Torneträsk,,0,0,0,0,0,0,3,89,92,,1980-05-03,
1,Torneträsk,,0,0,0,0,0,0,0,87,87,,1980-05-09,
1,Torneträsk,,0,0,0,0,0,0,10,69,79,,1980-05-19,
1,Torneträsk,,0,0,0,0,0,0,0,74,74,,1980-05-23,
1,Torneträsk,,0,0,0,0,0,0,0,0,0,,1980-05-30,
1,Torneträsk,,0,0,0,0,0,0,0,0,0,,1980-06-06,
1,Torneträsk,,0,0,0,0,0,0,0,0,0,1980-06-10,1980-06-10,
1,Torneträsk,1980-12-08,2,0,0,0,0,0,0,19,19,,1980-12-12,
1,Torneträsk,,5,0,0,0,0,0,0,44,44,,1981-01-02,
1,Torneträsk,,8,0,0,0,0,0,0,50,50,,1981-01-09,
1,Torneträsk,,10,0,0,0,0,0,0,55,55,,1981-01-16,
1,Torneträsk,,12,0,0,0,0,0,0,63,63,,1981-01-23,
1,Torneträsk,,1,0,1,1,0,0,0,59,61,,1981-01-30,
1,Torneträsk,,1,0,0,0,0,0,4,65,69,,1981-02-06,
1,Torneträsk,,3,0,0,0,0,0,2,71,73,,1981-02-13,
1,Torneträsk,1980-12-08,3,0,0,0,0,0,3,77,80,,1981-02-19,
1,Torneträsk,,3,0,0,0,0,0,2,82,84,,1981-02-27,
1,Torneträsk,,3,0,0,0,0,0,3,85,88,,1981-03-06,
1,Torneträsk,,13,9,0,0,0,0,9,90,99,,1981-03-13,
1,Torneträsk,,11,0,0,0,0,0,0,99,99,,1981-03-20,
1,Torneträsk,,7,0,0,0,0,0,0,99,99,,1981-03-27,
1,Torneträsk,,8,0,0,0,0,0,2,100,102,,1981-04-03,
1,Torneträsk,,0,2,0,0,0,0,3,99,102,,1981-04-10,
1,Torneträsk,,0,0,0,0,0,0,2,98,100,,1981-04-17,
1,Torneträsk,,2,0,0,0,0,0,2,98,100,,1981-04-24,
1,Torneträsk,,0,0,0,0,0,0,2,98,100,,1981-05-01,
1,Torneträsk,,1,2,0,0,0,0,7,93,100,,1981-05-10,
1,Torneträsk,,0,0,0,0,0,0,6,90,96,,1981-05-15,
1,Torneträsk,,0,0,0,0,0,0,0,87,87,,1981-05-22,
1,Torneträsk,,0,0,0,0,0,0,0,0,0,,1981-05-29,
1,Torneträsk,,0,0,0,0,0,0,0,0,0,,1981-06-05,
1,Torneträsk,,0,0,0,0,0,0,0,0,0,,1981-06-12,
1,Torneträsk,,0,0,0,0,0,0,0,0,0,,1981-06-19,
1,Torneträsk,,0,0,0,0,0,0,0,0,0,1981-06-21,1981-06-26,
1,Torneträsk,1981-12-10,1,0,0,0,0,0,0,6,6,,1981-12-11,
1,Torneträsk,,1,0,0,0,0,0,0,22,22,,1981-12-18,
1,Torneträsk,,0,0,0,0,0,0,0,40,40,,1981-12-25,
1,Torneträsk,,3,0,0,0,0,0,0,46,46,,1982-01-01,
1,Torneträsk,,0,0,0,0,0,0,0,28,28,,1982-01-07,
1,Torneträsk,,11,0,0,0,0,0,0,52,52,,1982-01-08,
1,Torneträsk,,18,0,0,0,0,0,0,56,56,,1982-01-15,
1,Torneträsk,,4,0,0,0,0,0,0,56,56,,1982-01-22,
1,Torneträsk,,5,0,0,0,0,0,0,69,69,,1982-01-29,
1,Torneträsk,,6,0,0,0,0,0,0,73,73,,1982-02-05,
1,Torneträsk,,8,0,0,0,0,0,0,75,75,,1982-02-12,
1,Torneträsk,,8,0,0,0,0,0,0,77,77,,1982-02-19,
1,Torneträsk,,5,0,0,0,0,0,0,81,81,,1982-02-26,
1,Torneträsk,,0,0,0,0,0,0,9,83,92,,1982-03-05,
1,Torneträsk,,0,0,0,0,0,0,11,82,93,,1982-03-12,
1,Torneträsk,,6,0,0,0,0,0,0,92,92,,1982-03-19,
1,Torneträsk,,15,0,0,0,0,0,0,92,92,,1982-03-26,
1,Torneträsk,,6,0,0,0,0,0,0,92,92,,1982-04-02,
1,Torneträsk,,6,0,0,0,0,0,0,91,91,,1982-04-09,
1,Torneträsk,,10,0,0,0,0,0,4,90,94,,1982-04-16,
1,Torneträsk,,3,2,0,0,0,0,4,90,94,,1982-04-23,
1,Torneträsk,,0,0,0,0,0,0,9,92,101,,1982-04-30,
1,Torneträsk,,0,0,0,0,0,0,95,0,95,,1982-05-07,
1,Torneträsk,,0,0,0,0,0,0,12,78,90,,1982-05-14,
1,Torneträsk,,0,0,0,0,0,0,5,79,84,,1982-05-20,
1,Torneträsk,,0,0,0,0,0,0,0,70,70,,1982-05-28,
1,Torneträsk,,0,0,0,0,0,0,0,0,0,,1982-06-04,
1,Torneträsk,,0,0,0,0,0,0,0,0,0,,1982-06-11,
1,Torneträsk,,0,0,0,0,0,0,0,0,0,,1982-06-18,
1,Torneträsk,,0,0,0,0,0,0,0,0,0,1982-06-23,1982-06-25,
1,Torneträsk,1982-12-19,1,0,0,0,0,0,0,14,14,,1982-12-24,
1,Torneträsk,,1,0,0,0,0,0,0,21,21,,1982-12-31,
1,Torneträsk,,1,0,0,0,0,0,0,37,37,,1983-01-14,
1,Torneträsk,,0,0,0,0,0,0,0,47,47,,1983-01-22,
1,Torneträsk,,2,0,0,0,0,0,0,53,53,,1983-01-28,
1,Torneträsk,,2,0,0,0,0,0,0,63,63,,1983-02-04,
1,Torneträsk,,0,0,0,0,0,0,0,70,70,,1983-02-11,
1,Torneträsk,,0,0,0,0,0,0,0,94,94,,1983-02-18,
1,Torneträsk,,10,0,0,0,0,0,0,75,75,,1983-02-27,
1,Torneträsk,,5,0,0,0,0,0,0,78,78,,1983-03-04,
1,Torneträsk,,8,0,0,0,0,0,0,81,81,,1983-03-11,
1,Torneträsk,,3,0,0,0,0,0,0,83,83,,1983-03-18,
1,Torneträsk,,5,0,0,0,0,0,0,88,88,,1983-03-25,
1,Torneträsk,,8,0,0,0,0,0,0,90,90,,1983-04-02,
1,Torneträsk,,7,0,0,0,0,0,0,95,95,,1983-04-15,
1,Torneträsk,,0,0,0,0,0,0,2,94,96,,1983-04-22,
1,Torneträsk,,0,0,0,0,0,0,0,93,93,,1983-04-29,
1,Torneträsk,,0,0,0,0,0,0,1,90,91,,1983-05-06,
1,Torneträsk,,0,0,0,0,0,0,0,81,81,,1983-05-13,
1,Torneträsk,,0,0,0,0,0,0,0,0,0,,1983-05-20,
1,Torneträsk,,0,0,0,0,0,0,0,0,0,1983-06-04,1983-06-04,
1,Torneträsk,,0,0,0,0,0,0,0,0,0,,1983-10-29,
1,Torneträsk,,0,0,0,0,0,0,0,0,0,,1983-12-09,
1,Torneträsk,,10,0,0,0,0,0,0,28,28,,1984-01-06,
1,Torneträsk,,10,0,0,0,0,0,11,40,51,,1984-01-20,
1,Torneträsk,,9,0,0,0,0,0,0,52,52,,1984-01-27,
1,Torneträsk,,7,0,0,0,0,0,0,56,56,,1984-02-03,
1,Torneträsk,,9,0,0,0,0,0,15,51,66,,1984-02-10,
1,Torneträsk,,2,0,0,0,0,0,3,53,56,,1984-02-17,
1,Torneträsk,,1,0,0,0,0,0,0,55,55,,1984-02-24,
1,Torneträsk,,0,0,0,0,0,0,4,70,74,,1984-03-02,
1,Torneträsk,,2,0,0,0,0,0,0,84,84,,1984-03-09,
1,Torneträsk,,2,0,0,0,0,0,4,74,78,,1984-03-16,
1,Torneträsk,,2,0,0,0,0,0,3,75,78,,1984-03-23,
1,Torneträsk,,3,0,0,0,0,0,3,79,82,,1984-03-30,
1,Torneträsk,,11,0,0,0,0,0,5,80,85,,1984-04-06,
1,Torneträsk,,2,0,0,0,0,0,0,91,91,,1984-04-13,
1,Torneträsk,,15,0,0,0,0,0,0,101,101,,1984-04-20,
1,Torneträsk,,2,0,0,0,0,0,0,84,84,,1984-04-27,
1,Torneträsk,,3,0,0,0,0,0,40,40,80,,1984-05-04,
1,Torneträsk,,1,0,0,0,0,0,5,78,83,,1984-05-11,
1,Torneträsk,,0,0,0,0,0,0,0,48,48,,1984-05-18,
1,Torneträsk,,0,0,0,0,0,0,0,0,0,,1984-05-25,
1,Torneträsk,,0,0,0,0,0,0,0,0,0,,1984-06-01,
1,Torneträsk,,0,0,0,0,0,0,0,0,0,1984-06-02,1984-06-08,
1,Torneträsk,1984-12-29,4,0,0,0,0,0,0,15,15,,1985-01-04,
1,Torneträsk,,8,0,0,0,0,0,0,26,26,,1985-01-11,
1,Torneträsk,,4,0,0,0,0,0,0,29,29,,1985-01-18,
1,Torneträsk,,2,0,0,0,0,0,0,39,39,,1985-01-25,
1,Torneträsk,,12,0,0,0,0,0,0,56,56,,1985-02-01,
1,Torneträsk,,10,0,0,0,0,0,0,57,57,,1985-02-08,
1,Torneträsk,,3,0,0,0,0,0,0,64,64,,1985-02-15,
1,Torneträsk,,10,0,0,0,0,0,0,70,70,,1985-02-22,
1,Torneträsk,,5,0,0,0,0,0,0,78,78,,1985-03-01,
1,Torneträsk,,1,0,0,0,0,0,0,83,83,,1985-03-08,
1,Torneträsk,,15,0,0,0,0,0,0,68,68,,1985-03-15,
1,Torneträsk,,12,0,0,0,0,0,0,74,74,,1985-03-22,
1,Torneträsk,,12,0,0,0,0,0,0,77,77,,1985-04-05,
1,Torneträsk,,13,0,0,0,0,0,0,82,82,,1985-04-12,
1,Torneträsk,,11,0,0,0,0,0,0,88,88,,1985-04-19,
1,Torneträsk,,16,0,0,0,0,0,0,84,84,,1985-05-03,
1,Torneträsk,,0,1,0,0,0,0,0,93,93,,1985-05-10,
1,Torneträsk,,0,0,0,0,0,0,0,81,81,,1985-05-17,
1,Torneträsk,,0,0,0,0,0,0,50,27,77,,1985-05-24,
1,Torneträsk,,0,0,0,0,0,0,71,0,71,,1985-05-31,
1,Torneträsk,,0,0,0,0,0,0,0,0,0,,1985-06-07,
1,Torneträsk,,0,0,0,0,0,0,0,0,0,,1985-06-14,
1,Torneträsk,,4,0,0,0,0,0,0,18,18,,1985-12-13,
1,Torneträsk,1985-12-07,3,0,0,0,0,0,0,27,27,,1985-12-20,
1,Torneträsk,,3,0,0,0,0,0,0,28,28,,1985-12-24,
1,Torneträsk,,3,0,0,0,0,0,0,0,0,,1986-01-03,
1,Torneträsk,,3,0,0,0,0,0,0,46,46,,1986-01-10,
1,Torneträsk,,5,0,0,0,0,0,0,50,50,,1986-01-17,
1,Torneträsk,,3,0,0,0,0,0,0,61,61,,1986-01-24,
1,Torneträsk,,19,0,0,0,0,0,0,62,62,,1986-01-31,
1,Torneträsk,,3,0,0,0,0,0,0,85,85,,1986-02-07,
1,Torneträsk,,5,0,0,0,0,0,0,83,83,,1986-02-14,
1,Torneträsk,,3,0,0,0,0,0,0,79,79,,1986-02-21,
1,Torneträsk,,11,0,0,0,0,0,0,82,82,,1986-02-28,
1,Torneträsk,,10,0,0,0,0,0,0,92,92,,1986-03-07,
1,Torneträsk,,15,0,0,0,0,0,0,96,96,,1986-03-14,
1,Torneträsk,,7,0,0,0,0,0,0,91,91,,1986-03-21,
1,Torneträsk,,8,0,0,0,0,0,0,102,102,,1986-03-28,
1,Torneträsk,,7,0,0,0,0,0,0,105,105,,1986-04-04,
1,Torneträsk,,10,0,0,0,0,0,0,102,102,,1986-04-11,
1,Torneträsk,,5,0,0,0,0,0,0,108,108,,1986-04-18,
1,Torneträsk,,7,0,0,0,0,0,0,105,105,,1986-04-25,
1,Torneträsk,,0,5,0,0,0,0,0,104,104,,1986-05-02,
1,Torneträsk,,0,0,0,0,0,0,15,66,81,,1986-05-09,
1,Torneträsk,,2,0,0,0,0,0,0,64,64,,1986-05-16,
1,Torneträsk,,0,0,0,0,0,0,0,0,0,,1986-05-23,
1,Torneträsk,,0,0,0,0,0,0,0,0,0,1986-06-01,1986-05-30,
1,Torneträsk,1986-12-20,0,0,0,0,0,0,0,22,22,,1986-12-26,
1,Torneträsk,1986-12-20,0,0,0,0,0,0,0,35,35,,1987-01-02,
1,Torneträsk,,1,0,0,0,0,0,0,51,51,,1987-01-09,
1,Torneträsk,,1,0,0,0,0,0,0,58,58,,1987-01-16,
1,Torneträsk,,0,0,0,0,0,0,0,58,58,,1987-01-23,
1,Torneträsk,,6,0,0,0,0,0,0,64,64,,1987-01-30,
1,Torneträsk,,0,0,0,0,0,0,0,66,66,,1987-02-06,
1,Torneträsk,,1,0,0,0,0,0,0,74,74,,1987-02-13,
1,Torneträsk,,7,0,0,0,0,0,0,78,78,,1987-02-20,
1,Torneträsk,,5,0,0,0,0,0,0,78,78,,1987-02-27,
1,Torneträsk,,2,0,0,0,0,0,0,90,90,,1987-03-06,
1,Torneträsk,,12,0,0,0,0,0,0,89,89,,1987-03-13,
1,Torneträsk,,15,0,0,0,0,0,0,93,93,,1987-03-20,
1,Torneträsk,,10,0,0,0,0,0,0,102,102,,1987-03-27,
1,Torneträsk,,8,0,0,0,0,0,0,100,100,,1987-04-03,
1,Torneträsk,,12,0,0,0,0,0,0,100,100,,1987-04-10,
1,Torneträsk,,19,0,0,0,0,0,0,100,100,,1987-04-17,
1,Torneträsk,,13,0,0,0,0,0,0,100,100,,1987-04-24,
1,Torneträsk,,12,0,0,0,0,0,0,97,97,,1987-05-01,
1,Torneträsk,,2,0,3,2,0,0,0,93,98,,1987-05-08,
1,Torneträsk,,2,0,0,0,0,0,0,102,102,,1987-05-15,
1,Torneträsk,,0,0,0,0,0,0,0,95,95,,1987-05-22,
1,Torneträsk,,0,0,0,0,0,0,0,80,80,,1987-05-29,
1,Torneträsk,,0,0,0,0,0,0,0,62,62,,1987-06-05,
1,Torneträsk,,0,0,0,0,0,0,0,0,0,,1987-12-10,
1,Torneträsk,1987-12-14,0,0,0,0,0,0,0,10,10,,1987-12-17,
1,Torneträsk,,5,0,0,0,0,0,0,15,15,,1987-12-24,
1,Torneträsk,,11,0,0,0,0,0,0,20,20,,1987-12-31,
1,Torneträsk,,5,0,0,0,0,0,0,27,27,,1988-01-07,
1,Torneträsk,,15,0,0,0,0,0,0,30,30,,1988-01-14,
1,Torneträsk,,16,0,0,0,0,0,0,37,37,,1988-01-21,
1,Torneträsk,,9,0,0,0,0,0,0,41,41,,1988-01-28,
1,Torneträsk,,13,0,0,0,0,0,0,41,41,,1988-02-04,
1,Torneträsk,,10,0,0,0,0,0,0,48,48,,1988-02-11,
1,Torneträsk,,12,0,0,0,0,0,0,50,50,,1988-02-18,
1,Torneträsk,,7,0,0,0,0,0,0,51,51,,1988-02-25,
1,Torneträsk,,12,0,0,0,0,0,0,62,62,,1988-03-03,
1,Torneträsk,,8,0,0,0,0,0,0,63,63,,1988-03-10,
1,Torneträsk,,14,0,0,0,0,0,0,64,64,,1988-03-20,
1,Torneträsk,,14,0,0,0,0,0,0,66,66,,1988-03-24,
1,Torneträsk,,11,0,0,0,0,0,0,80,80,,1988-03-31,
1,Torneträsk,,8,0,0,0,0,0,4,71,75,,1988-04-07,
1,Torneträsk,,5,0,0,0,0,0,4,71,75,,1988-04-14,
1,Torneträsk,,0,0,0,0,0,0,5,71,76,,1988-04-21,
1,Torneträsk,,2,0,0,0,0,0,0,85,85,,1988-04-28,
1,Torneträsk,,0,5,0,0,0,0,5,73,78,,1988-05-05,
1,Torneträsk,,0,0,0,0,0,0,0,84,84,,1988-05-12,
1,Torneträsk,,1,13,0,0,0,0,0,70,70,,1988-05-19,
1,Torneträsk,,0,2,0,0,0,0,0,69,69,,1988-05-26,
1,Torneträsk,,0,0,0,0,0,0,0,0,0,1988-06-12,1988-06-02,
1,Torneträsk,,1,0,0,0,0,0,0,21,21,,1989-01-05,
1,Torneträsk,1988-12-25,2,0,0,0,0,0,0,32,32,,1989-01-12,
1,Torneträsk,,2,0,0,0,0,0,0,37,37,,1989-01-19,
1,Torneträsk,,2,0,0,0,0,0,0,42,42,,1989-01-26,
1,Torneträsk,,10,0,0,0,0,0,1,45,46,,1989-02-03,
1,Torneträsk,,32,0,0,0,0,0,2,44,46,,1989-02-09,
1,Torneträsk,,14,0,0,0,0,0,0,49,49,,1989-02-16,
1,Torneträsk,,14,0,0,0,0,0,0,54,54,,1989-02-23,
1,Torneträsk,,17,0,0,0,0,0,0,55,55,,1989-03-02,
1,Torneträsk,,14,0,0,0,0,0,7,48,55,,1989-03-09,
1,Torneträsk,,10,0,0,0,0,0,0,56,56,,1989-03-16,
1,Torneträsk,,13,0,0,0,0,0,0,61,61,,1989-03-30,
1,Torneträsk,,12,0,0,0,0,0,7,59,66,,1989-04-06,
1,Torneträsk,,0,0,0,0,0,0,5,60,65,,1989-04-13,
1,Torneträsk,,0,3,0,0,0,0,6,60,66,,1989-04-14,
1,Torneträsk,,0,0,0,0,0,0,0,60,60,,1989-04-20,
1,Torneträsk,,0,0,0,0,0,0,8,53,61,,1989-04-27,
1,Torneträsk,,0,4,0,0,0,0,3,50,53,,1989-05-04,
1,Torneträsk,,0,0,0,0,0,0,20,9,29,,1989-05-11,
1,Torneträsk,,0,0,0,0,0,0,0,0,0,,1989-05-18,
1,Torneträsk,1989-12-17,2,0,0,0,0,0,0,19,19,,1989-12-21,
1,Torneträsk,1989-12-17,0,0,0,0,0,0,0,28,28,,1989-12-28,
1,Torneträsk,1989-12-17,0,0,0,0,0,0,0,31,31,,1990-01-04,
1,Torneträsk,,0,0,0,0,0,0,0,37,37,,1990-01-11,
1,Torneträsk,,0,0,0,0,0,0,0,46,46,,1990-01-18,
1,Torneträsk,,0,0,0,0,0,0,0,58,58,,1990-01-25,
1,Torneträsk,,0,0,0,0,0,0,0,62,62,,1990-02-01,
1,Torneträsk,,2,0,0,0,0,0,0,65,65,,1990-02-08,
1,Torneträsk,,0,0,0,0,0,0,0,70,70,,1990-02-15,
1,Torneträsk,,1,0,0,0,0,0,0,73,73,,1990-02-22,
1,Torneträsk,,4,0,0,0,0,0,0,74,74,,1990-03-01,
1,Torneträsk,,5,0,0,0,0,0,0,76,76,,1990-03-08,
1,Torneträsk,,8,0,0,0,0,0,0,80,80,,1990-03-15,
1,Torneträsk,,11,0,0,0,0,0,0,84,84,,1990-03-22,
1,Torneträsk,,0,0,0,0,0,0,5,79,84,,1990-03-29,
1,Torneträsk,,0,0,0,0,0,0,1,85,86,,1990-04-05,
1,Torneträsk,,0,0,0,0,0,0,0,83,83,,1990-04-12,
1,Torneträsk,,0,0,0,0,0,0,0,76,76,,1990-04-19,
1,Torneträsk,,0,0,0,0,0,0,10,60,70,,1990-04-26,
1,Torneträsk,,0,0,0,0,0,0,0,64,64,,1990-05-03,
1,Torneträsk,,,,,,,,,,,,1990-05-10,Isen är dålig.
1,Torneträsk,,,,,,,,,,,,1990-05-17,Ett större öppet område från Abiskojåkkas delta.
1,Torneträsk,,0,0,0,0,0,0,0,0,0,,1990-05-24,
1,Torneträsk,,0,0,0,0,0,0,0,0,0,1990-05-30,1990-05-31,
1,Torneträsk,,0,0,0,0,0,0,0,0,0,,1991-01-07,Is enbart mellan Abiskojåkkas delta och STFs båthus.
1,Torneträsk,1991-01-09,,,,,,,,,,,1991-01-10,Isen ännu ej gångbar.
1,Torneträsk,,0,0,0,0,0,0,0,20,20,,1991-01-17,"Ingen snö kvar, enbart vatten på isen."
1,Torneträsk,,0,0,0,0,0,0,0,25,25,,1991-01-24,
1,Torneträsk,,0,0,0,0,0,0,0,29,29,,1991-01-31,
1,Torneträsk,,1,0,0,0,0,0,0,41,41,,1991-02-07,
1,Torneträsk,,1,0,0,0,0,0,0,49,49,,1991-02-14,
1,Torneträsk,,2,0,0,0,0,0,0,64,64,,1991-02-21,
1,Torneträsk,,2,0,0,0,0,0,0,62,62,,1991-02-28,
1,Torneträsk,,4,0,0,0,0,0,0,68,68,,1991-03-07,
1,Torneträsk,,12,0,0,0,0,0,0,74,74,,1991-03-14,
1,Torneträsk,,0,0,0,0,0,0,0,74,74,,1991-03-21,
1,Torneträsk,,2,0,0,0,0,0,0,77,77,,1991-03-28,
1,Torneträsk,,0,0,0,0,0,0,0,78,78,,1991-04-01,
1,Torneträsk,,0,0,0,0,0,0,0,77,77,,1991-04-11,
1,Torneträsk,,0,0,0,0,0,0,0,78,78,,1991-04-18,
1,Torneträsk,,0,0,0,0,0,0,0,71,71,,1991-04-25,
1,Torneträsk,,0,0,0,0,0,0,0,67,67,,1991-05-02,
1,Torneträsk,,2,0,0,0,0,0,10,57,67,,1991-05-09,
1,Torneträsk,,0,0,0,0,0,0,63,0,63,,1991-05-16,
1,Torneträsk,,,,,,,,,,,,1991-05-23,Isen ej gångbar.
1,Torneträsk,,0,0,0,0,0,0,0,0,0,,1991-05-30,
1,Torneträsk,,0,0,0,0,0,0,0,0,0,,1991-06-06,
1,Torneträsk,,0,0,0,0,0,0,0,0,0,1991-06-09,1991-06-13,Is kvar i de nordvästligaste vikarna.
1,Torneträsk,,0,0,0,0,0,0,0,0,0,1991-06-09,1991-06-20,
1,Torneträsk,,0,0,0,0,0,0,0,0,0,1991-06-09,1991-06-27,Sjön är definitivt isfri.
1,Torneträsk,,0,0,0,0,0,0,0,0,0,,1991-12-13,"Sjön isfri, endast is inne i vikar."
1,Torneträsk,,0,0,0,0,0,0,0,0,0,,1991-12-19,Sjön isfri så när som på en del små vikar med is.
1,Torneträsk,,0,0,0,0,0,0,0,0,0,,1991-12-26,"Viken är frysen till öarna, öppet vatten mitt på sjön."
1,Torneträsk,1992-01-09,0,0,0,0,0,0,0,0,0,,1992-01-09,
1,Torneträsk,1/9/1992,0,0,0,0,0,0,0,28,28,,1992-01-16,
1,Torneträsk,1992-01-09,3,0,0,0,0,0,0,32,32,,1992-01-23,
1,Torneträsk,,0,0,0,0,0,0,0,31,31,,1992-01-30,
1,Torneträsk,,6,0,0,0,0,0,0,35,35,,1992-02-06,
1,Torneträsk,,5,0,0,0,0,0,0,39,39,,1992-02-13,
1,Torneträsk,,5,0,0,0,0,0,0,45,45,,1992-02-20,
1,Torneträsk,,11,0,0,0,0,0,0,46,46,,1992-02-27,
1,Torneträsk,,12,0,0,0,0,0,0,47,47,,1992-03-05,
1,Torneträsk,,10,0,0,0,0,0,0,51,51,,1992-03-12,
1,Torneträsk,,10,1,0,0,0,0,1,51,52,,1992-03-19,
1,Torneträsk,,11,0,0,0,0,0,0,54,54,,1992-03-26,
1,Torneträsk,,11,0,0,0,0,0,0,58,58,,1992-04-02,
1,Torneträsk,,8,0,0,0,0,0,1,60,61,,1992-04-09,
1,Torneträsk,,7,6,0,0,0,0,0,66,66,,1992-04-16,
1,Torneträsk,,10,0,0,0,0,0,2,66,68,,1992-04-23,
1,Torneträsk,,0,7,0,0,0,0,0,65,65,,1992-04-30,
1,Torneträsk,,0,0,0,0,0,0,3,61,64,,1992-05-07,
1,Torneträsk,,0,0,0,0,0,0,15,42,57,,1992-05-14,
1,Torneträsk,,0,0,0,0,0,0,45,0,45,,1992-05-21,
1,Torneträsk,,0,0,0,0,0,0,0,0,0,,1992-05-28,
1,Torneträsk,,0,0,0,0,0,0,0,0,0,1992-06-03,1992-06-04,
1,Torneträsk,1993-01-06,0,0,0,0,0,0,0,1,1,,1993-01-07,
1,Torneträsk,,1,0,0,0,0,0,0,16,16,,1993-01-15,
1,Torneträsk,,2,0,0,0,0,0,0,25,25,,1993-01-21,
1,Torneträsk,,1,0,0,0,0,0,0,33,33,,1993-01-29,
1,Torneträsk,,11,0,0,0,0,0,0,36,36,,1993-02-04,
1,Torneträsk,,14,0,0,0,0,0,0,42,42,,1993-02-11,
1,Torneträsk,,2,0,0,0,0,0,5,41,46,,1993-02-18,
1,Torneträsk,,1,0,0,0,0,0,0,55,55,,1993-02-25,
1,Torneträsk,,4,0,0,0,0,0,0,58,58,,1993-03-04,
1,Torneträsk,,11,0,0,0,0,0,4,55,59,,1993-03-11,
1,Torneträsk,,10,4,0,0,0,0,0,66,66,,1993-03-18,
1,Torneträsk,,15,0,0,0,0,0,4,63,67,,1993-03-26,
1,Torneträsk,,11,0,0,0,0,0,4,66,70,,1993-04-01,
1,Torneträsk,,11,0,0,0,0,0,0,76,76,,1993-04-08,
1,Torneträsk,,12,0,0,0,0,0,4,75,79,,1993-04-15,
1,Torneträsk,,14,0,0,0,0,0,6,73,79,,1993-04-22,
1,Torneträsk,,0,2,0,0,0,0,10,69,79,,1993-04-29,
1,Torneträsk,,3,0,0,0,0,0,8,70,78,,1993-05-06,
1,Torneträsk,,0,0,0,0,0,0,5,67,72,,1993-05-14,
1,Torneträsk,,0,45,0,0,0,0,0,57,57,,1993-05-20,
1,Torneträsk,,,,,,,,,,,,1993-05-27,Isen är landlös på de flesta ställen. Ute på sjön är isen fortfarande tjock och stark.
1,Torneträsk,,0,0,0,0,0,0,0,0,0,,1993-06-03,
1,Torneträsk,,0,0,0,0,0,0,0,0,0,1993-06-21,1993-06-24,Issörja kvar i vikar.
1,Torneträsk,1993-12-13,0,0,0,0,0,0,0,0,0,,1993-12-16,
1,Torneträsk,1993-12-13,10,0,0,0,0,0,0,17,17,,1993-12-23,
1,Torneträsk,,6,0,0,0,0,0,0,22,22,,1993-12-30,
1,Torneträsk,,9,0,0,0,0,0,0,29,29,,1994-01-06,
1,Torneträsk,,12,0,0,0,0,0,0,32,32,,1994-01-13,
1,Torneträsk,,12,0,0,0,0,0,0,33,33,,1994-01-20,
1,Torneträsk,,18,0,0,0,0,0,0,37,37,,1994-01-27,
1,Torneträsk,,19,0,0,0,0,0,0,41,41,,1994-02-03,
1,Torneträsk,,19,0,0,0,0,0,0,44,44,,1994-02-10,
1,Torneträsk,,0,0,0,0,0,0,0,47,47,,1994-02-17,
1,Torneträsk,,18,0,0,0,0,0,0,48,48,,1994-02-24,
1,Torneträsk,,18,0,0,0,0,0,0,54,54,,1994-03-03,
1,Torneträsk,,0,0,0,0,0,0,0,53,53,,1994-03-10,
1,Torneträsk,,17,0,0,0,0,0,0,56,56,,1994-03-17,
1,Torneträsk,,24,0,0,0,0,0,0,54,54,,1994-03-31,
1,Torneträsk,,18,0,0,0,0,0,0,58,58,,1994-04-07,
1,Torneträsk,,5,10,0,0,0,0,0,53,53,,1994-04-14,
1,Torneträsk,,11,0,0,0,0,0,4,65,69,,1994-04-21,
1,Torneträsk,,23,0,0,0,0,0,0,65,65,,1994-04-24,
1,Torneträsk,,4,0,0,0,0,0,11,54,65,,1994-04-28,
1,Torneträsk,,0,0,0,0,0,0,10,51,61,,1994-05-05,
1,Torneträsk,,0,0,0,0,0,0,5,55,60,,1994-05-12,
1,Torneträsk,,,,,,,,,,,,1994-05-19,Dålig is.
1,Torneträsk,,0,0,0,0,0,0,0,0,0,,1994-05-26,
1,Torneträsk,,,,,,,,,,,,1994-06-09,Vikarna är fria med rester av svart sörja. Isen är mycket porös.
1,Torneträsk,,0,0,0,0,0,0,0,0,0,,1994-12-22,"Små isflak vid stranden, annart öppet vatten."
1,Torneträsk,1994-12-31,0,0,0,0,0,0,0,18,18,,1995-01-05,
1,Torneträsk,1994-12-31,2,0,0,0,0,0,0,24,24,,1995-01-12,
1,Torneträsk,,1,0,0,0,0,0,0,29,29,,1995-01-19,
1,Torneträsk,,2,0,0,0,0,0,0,37,37,,1995-01-26,
1,Torneträsk,,0,0,0,0,0,0,0,49,49,,1995-02-03,
1,Torneträsk,,0,0,0,0,0,0,0,54,54,,1995-02-09,
1,Torneträsk,,8,0,0,0,0,0,0,57,57,,1995-02-16,
1,Torneträsk,,5,0,0,0,0,0,0,60,60,,1995-02-23,
1,Torneträsk,,0,0,0,0,0,0,0,66,66,,1995-03-02,
1,Torneträsk,,6,0,0,0,0,0,0,71,71,,1995-03-09,
1,Torneträsk,,0,0,0,0,0,0,0,78,78,,1995-03-16,
1,Torneträsk,,4,0,0,0,0,0,0,74,74,,1995-03-23,
1,Torneträsk,,5,0,0,0,0,0,0,79,79,,1995-03-30,
1,Torneträsk,,3,0,0,0,0,0,0,80,80,,1995-04-06,
1,Torneträsk,,4,0,0,0,0,0,0,81,81,,1995-04-13,
1,Torneträsk,,1,0,0,0,0,0,0,82,82,,1995-04-20,
1,Torneträsk,,1,0,0,0,0,0,0,81,81,,1995-04-27,
1,Torneträsk,,6,0,0,0,0,0,0,82,82,,1995-05-04,
1,Torneträsk,,0,3,0,0,0,0,0,84,84,,1995-05-11,
1,Torneträsk,,0,3,0,0,0,0,3,80,83,,1995-05-18,
1,Torneträsk,,0,0,0,0,0,0,58,10,68,,1995-05-25,
1,Torneträsk,,0,0,0,0,0,0,0,0,0,,1995-06-01,
1,Torneträsk,,0,0,0,0,0,0,0,0,0,,1995-06-08,
1,Torneträsk,1995-12-20,0,0,0,0,0,0,0,4,4,,1995-12-21,
1,Torneträsk,,0,0,0,0,0,0,0,30,30,,1995-12-28,
1,Torneträsk,,0,0,0,0,0,0,0,38,38,,1996-01-04,"Efter hård vind bara enstaka snöfläckar, ~1-2mm"
1,Torneträsk,,2,0,0,0,0,0,0,42,42,,1996-01-11,
1,Torneträsk,,5,0,0,0,0,0,0,47,47,,1996-01-17,
1,Torneträsk,,4,0,0,0,0,0,0,55,55,,1996-01-25,
1,Torneträsk,,15,0,0,0,0,0,0,55,55,,1996-02-01,
1,Torneträsk,,10,0,0,0,0,0,0,59,59,,1996-02-08,
1,Torneträsk,,15,0,0,0,0,0,0,63,63,,1996-02-15,
1,Torneträsk,,17,0,0,0,0,0,0,67,67,,1996-02-22,
1,Torneträsk,,7,0,0,0,0,0,0,75,75,,1996-02-29,
1,Torneträsk,,18,0,0,0,0,0,0,71,71,,1996-03-07,
1,Torneträsk,,13,0,0,0,0,0,0,76,76,,1996-03-14,
1,Torneträsk,,0,0,0,0,0,0,0,86,86,,1996-03-28,
1,Torneträsk,,15,0,0,0,0,0,0,86,86,,1996-04-04,
1,Torneträsk,,12,0,0,0,0,0,0,86,86,,1996-04-11,
1,Torneträsk,,12,0,0,0,0,0,0,86,86,,1996-04-18,
1,Torneträsk,,14,0,0,0,0,0,0,85,85,,1996-04-25,
1,Torneträsk,,12,0,0,0,0,0,0,87,87,,1996-05-02,
1,Torneträsk,,7,14,0,0,0,0,0,85,85,,1996-05-09,
1,Torneträsk,,2,0,0,0,0,0,3,83,86,,1996-05-15,
1,Torneträsk,,0,4,0,0,0,0,0,85,85,,1996-05-23,
1,Torneträsk,,0,8,0,0,0,0,0,75,75,,1996-05-30,
1,Torneträsk,,,,,,,,,,,,1996-06-06,Ingen mätning - alltför riskabelt.
1,Torneträsk,,0,0,0,0,0,0,0,0,0,,1996-06-13,Isen flyter i den vik som mätningarna sker.
1,Torneträsk,,0,0,0,0,0,0,0,0,0,,1996-12-19,Is endast inne i vikar.
1,Torneträsk,1996-12-19,2,0,0,0,0,0,0,25,25,,1996-12-26,
1,Torneträsk,,4,0,0,0,0,0,0,37,37,,1997-01-02,
1,Torneträsk,,3,0,0,0,0,0,0,45,45,,1997-01-09,
1,Torneträsk,,3,0,0,0,0,0,0,50,50,,1997-01-15,
1,Torneträsk,,28,0,0,0,0,0,0,53,53,,1997-01-23,
1,Torneträsk,,16,0,0,0,0,0,0,56,56,,1997-01-30,
1,Torneträsk,,24,0,0,0,0,0,0,55,55,,1997-02-06,
1,Torneträsk,,24,0,0,0,0,0,0,63,63,,1997-02-13,
1,Torneträsk,,15,0,0,0,0,0,0,70,70,,1997-02-20,"Snäötäcket består av 3 cm lös snö, 4 mm skare, 4 cm lös snö och4 cm skar överst."
1,Torneträsk,,24,0,0,0,0,0,0,63,63,,1997-02-27,
1,Torneträsk,,5,0,0,0,0,0,0,74,74,,1997-03-11,
1,Torneträsk,,1,2,0,0,0,0,6,80,86,,1997-03-20,
1,Torneträsk,,6,0,0,0,0,0,6,82,88,,1997-03-27,
1,Torneträsk,,2,6,0,0,0,0,6,86,92,,1997-04-03,
1,Torneträsk,,10,0,0,0,0,0,6,86,92,,1997-04-10,
1,Torneträsk,,5,0,0,0,0,0,6,87,93,,1997-04-18,
1,Torneträsk,,12,0,0,0,0,0,6,88,94,,1997-04-24,
1,Torneträsk,,12,9,0,0,0,0,0,82,82,,1997-05-01,
1,Torneträsk,,0,7,0,0,0,0,15,72,87,,1997-05-08,
1,Torneträsk,,0,5,0,0,0,0,25,44,69,,1997-05-15,
1,Torneträsk,,0,3,0,0,0,0,12,65,77,,1997-05-22,"Kärnisen håller på att förändras, det låter dovt när man borrar."
1,Torneträsk,,0,0,0,0,0,0,0,72,72,,1997-05-29,Isen är fläckvis landlös.
1,Torneträsk,,,,,,,,,,,,1997-06-05,"Pga att isen är landlös, går det inte att gå ut på isen för att göra mätning."
1,Torneträsk,,,,,,,,,,,,1997-06-12,"Öppet vatten vid Tornehamn och vid Abiskojokk delta, eljest ligger isen kvar - men är landlös."
1,Torneträsk,1997-12-30,0,0,0,0,0,0,0,10,10,,1998-01-01,
1,Torneträsk,,0,0,0,0,0,0,0,23,23,,1998-01-08,
1,Torneträsk,,3,0,0,0,0,0,0,32,32,,1998-01-15,
1,Torneträsk,,2,0,0,0,0,0,0,40,40,,1998-01-22,
1,Torneträsk,,1,0,0,0,0,0,0,44,44,,1998-01-29,
1,Torneträsk,,0,0,0,0,0,0,0,58,58,,1998-02-05,
1,Torneträsk,,3,0,0,0,0,0,0,67,67,,1998-02-12,
1,Torneträsk,,0,0,0,0,0,0,0,70,70,,1998-02-19,
1,Torneträsk,,38,0,0,0,0,0,0,73,73,,1998-02-26,
1,Torneträsk,,32,0,0,0,0,0,0,75,75,,1998-03-05,
1,Torneträsk,,21,0,0,0,0,0,0,83,83,,1998-03-12,
1,Torneträsk,,12,0,0,0,0,0,0,82,82,,1998-03-19,
1,Torneträsk,,6,0,0,0,0,0,2,81,83,,1998-03-26,
1,Torneträsk,,11,0,0,0,0,0,0,83,83,,1998-04-02,
1,Torneträsk,,3,0,0,0,0,0,0,0,89,,1998-04-09,
1,Torneträsk,,6,0,0,0,0,0,0,90,90,,1998-04-16,
1,Torneträsk,,6,0,0,0,0,0,0,88,88,,1998-04-24,
1,Torneträsk,,0,4,0,0,0,0,3,88,91,,1998-04-30,
1,Torneträsk,,2,0,0,0,0,0,7,78,85,,1998-05-07,
1,Torneträsk,,0,1,0,0,0,0,23,0,81,,1998-05-14,
1,Torneträsk,,,,,,,,,,,,1998-05-21,Isen nästan helt landlös - när jag försökte ta mig ut på ett ställe vid vår brygga gick jag igenom isen. Har fått mig berättat att det skall vara ca 25 cm kärnis längre ut på träsket.
1,Torneträsk,,0,0,0,0,0,0,0,0,0,,1998-06-04,
1,Torneträsk,,,,,,,,,,,,1998-06-18,"Isen driver omkring med vinden, ibland blir det stora öppna ställen."
1,Torneträsk,,0,0,0,0,0,0,0,0,0,,1998-06-21,Isfritt.
1,Torneträsk,1998-11-19,0,0,0,0,0,0,2,13,15,,1998-11-27,
1,Torneträsk,1998-11-19,1,0,0,0,0,0,0,19,19,,1998-12-03,
1,Torneträsk,,1,0,0,0,0,0,0,28,28,,1998-12-10,
1,Torneträsk,,2,0,0,0,0,0,0,34,34,,1998-12-17,
1,Torneträsk,,9,0,0,0,0,0,0,36,36,,1998-12-24,
1,Torneträsk,,8,0,0,0,0,0,0,39,39,,1998-12-31,
1,Torneträsk,,10,0,0,0,0,0,0,46,46,,1999-01-08,
1,Torneträsk,,10,0,0,0,0,0,0,47,47,,1999-01-14,
1,Torneträsk,,16,0,0,0,0,0,0,54,54,,1999-01-21,
1,Torneträsk,,2,0,0,0,0,0,0,58,58,,1999-01-28,
1,Torneträsk,,12,0,0,0,0,0,0,59,59,,1999-02-04,
1,Torneträsk,,11,0,0,0,0,0,0,67,67,,1999-02-11,
1,Torneträsk,,3,0,0,0,0,0,0,74,74,,1999-02-18,
1,Torneträsk,,1,15,0,0,0,0,0,75,75,,1999-02-25,
1,Torneträsk,,0,0,0,0,0,0,0,80,80,,1999-03-04,
1,Torneträsk,,10,0,0,0,0,0,0,89,89,,1999-03-11,
1,Torneträsk,,1,0,0,0,0,0,0,95,95,,1999-03-18,
1,Torneträsk,,4,0,0,0,0,0,0,93,93,,1999-03-25,
1,Torneträsk,,1,0,0,0,0,0,0,93,93,,1999-04-01,
1,Torneträsk,,2,0,0,0,0,0,0,94,94,,1999-04-08,
1,Torneträsk,,5,0,0,0,0,0,0,99,99,,1999-04-15,
1,Torneträsk,,2,0,0,0,0,0,2,91,93,,1999-04-22,
1,Torneträsk,,0,5,0,0,0,0,40,46,91,,1999-04-29,
1,Torneträsk,,2,1,0,0,0,0,0,0,88,,1999-05-06,"Efter att ha borrat 45-50 cm fylldes hålan med vatten - det kändes och lät som om jag borrade i porös is, inte kärnis. Kunde inte avgöra om det fanns lite kärnis längst ned."
1,Torneträsk,,0,10,0,0,0,0,0,69,79,,1999-05-20,
1,Torneträsk,,,,,,,,,,,,1999-05-27,"Isen är mycket dålig, pga regn. Vill ej gå ut på den."
1,Torneträsk,,0,0,0,0,0,0,0,0,0,,1999-06-03,
1,Torneträsk,,0,0,0,0,0,0,0,0,0,,2000-01-06,"Isen har inte lagt sig än,  sjön ""dånar"", vågskvalp."
1,Torneträsk,,0,0,0,0,0,0,0,0,0,,2000-01-20,Is endast litet i viken.
1,Torneträsk,,,,,,,,,,,,2000-01-21,Isen hade lagt sig natten mot den 21/1 utom råkar c:a 5 km ut (norröver). Den 22/1 på morgonen var hela sjön istäckt.
1,Torneträsk,,0,0,0,0,0,0,0,27,27,,2000-01-27,
1,Torneträsk,2000-01-22,0,0,0,0,0,0,0,35,35,,2000-02-03,
1,Torneträsk,,0,0,0,0,0,0,0,43,43,,2000-02-10,
1,Torneträsk,,13,0,0,0,0,0,0,45,45,,2000-02-17,
1,Torneträsk,,15,0,0,0,0,0,0,47,47,,2000-02-24,
1,Torneträsk,,6,0,0,0,0,0,0,51,51,,2000-03-02,
1,Torneträsk,,8,0,0,0,0,0,0,56,56,,2000-03-09,
1,Torneträsk,,12,0,0,0,0,0,0,59,59,,2000-03-16,
1,Torneträsk,,4,0,0,0,0,0,0,61,61,,2000-03-23,
1,Torneträsk,,0,0,0,0,0,0,0,64,64,,2000-03-30,
1,Torneträsk,,3,0,0,0,0,0,0,65,65,,2000-04-06,
1,Torneträsk,,0,0,0,0,0,0,0,66,66,,2000-04-13,
1,Torneträsk,,1,0,0,0,0,0,0,66,66,,2000-04-20,
1,Torneträsk,,4,0,0,0,0,0,3,66,69,,2000-04-27,
1,Torneträsk,,0,0,0,0,0,0,0,61,61,,2000-05-04,
1,Torneträsk,,3,0,0,0,0,0,9,49,58,,2000-05-11,Mycket lätt att borra hål - det låter ihåligt - isen består av bitar.
1,Torneträsk,,,,,,,,,,,,2000-05-18,"Snöskoter genom isen 15/5,  gubben likaså.  Pipis,  vill ej riskera ett dopp!"
1,Torneträsk,,0,0,0,0,0,0,0,0,0,,2000-06-01,28/5 -  viken isfritt.  1/6 -  issörja har drivit in i viken igen från nordväst.
1,Torneträsk,,0,0,0,0,0,0,0,0,0,,2000-12-28, Endast is innerst i Båthusviken.
1,Torneträsk,,1,0,0,0,0,0,0,13,13,,2001-01-04,"Större delen av ""Abisko-bassängen"" istäckt. 4/1 fortfarande öppet vatten öster om Miellesuolo."
1,Torneträsk,2001-01-09,7,0,0,0,0,0,0,20,20,,2001-01-11,
1,Torneträsk,,0,0,0,0,0,0,0,18,18,,2001-01-18," Sedan 13/1  plusgrader (max +7,6 gr).  14/1 - 16/1 : regn."
1,Torneträsk,,1,0,0,0,0,0,0,27,27,,2001-01-25,
1,Torneträsk,,3,0,0,0,0,0,0,34,34,,2001-02-01,
1,Torneträsk,,4,0,0,0,0,0,0,46,46,,2001-02-08,
1,Torneträsk,,0,0,0,0,0,0,1,50,51,,2001-02-15,
1,Torneträsk,,4,0,0,0,0,0,0,54,54,,2001-02-22,
1,Torneträsk,,3,0,0,0,0,0,0,65,65,,2001-03-01,
1,Torneträsk,,5,0,0,0,0,0,0,71,71,,2001-03-08,
1,Torneträsk,,6,0,0,0,0,0,0,71,71,,2001-03-15,
1,Torneträsk,,5,0,0,0,0,0,0,81,81,,2001-03-22,
1,Torneträsk,,7,0,0,0,0,0,0,86,86,,2001-03-29,
1,Torneträsk,,14,0,0,0,0,0,0,86,86,,2001-04-05,
1,Torneträsk,,2,10,0,0,0,0,0,89,89,,2001-04-12,
1,Torneträsk,,5,0,0,0,0,0,0,94,94,,2001-04-19,
1,Torneträsk,,3,0,0,0,0,0,0,96,96,,2001-04-26,
1,Torneträsk,,0,0,0,0,0,0,78,15,93,,2001-05-03," Plusgrader sedan 21/4. Vid obs-tillfället hård vind och ösregn, 30 cm vatten i borrhålet."
1,Torneträsk,,0,0,0,0,0,0,60,15,75,,2001-05-10,
1,Torneträsk,,0,0,0,0,0,0,0,0,0,,2001-05-17, Landlöst.
1,Torneträsk,,0,0,0,0,0,0,0,0,0,,2001-05-31," Isen i rörelse, delar av sjön öppen."
1,Torneträsk,,0,0,0,0,0,0,0,0,0,,2001-06-07, Sjön isfri men inne i vikarna finns drivis.
1,Torneträsk,,0,0,0,0,0,0,0,0,0,,2001-12-20, Fortfarande öppet vatten.
1,Torneträsk,2001-12-26,1,0,0,0,0,0,0,18,18,,2001-12-27,
1,Torneträsk,2001-12-26,0,0,0,0,0,0,0,36,36,,2002-01-03,
1,Torneträsk,,0,0,0,0,0,0,0,36,36,,2002-01-10, Regn. 3-4 cm vatten på isen.
1,Torneträsk,,9,0,0,0,0,0,0,34,34,,2002-01-17,Stöp vid stränderna.
1,Torneträsk,,7,0,0,0,0,0,0,42,42,,2002-01-24,
1,Torneträsk,,7,0,0,0,0,0,0,50,50,,2002-01-31,Snötäcket består av 6 cm hårt packad snö + 1 cm lös snö.
1,Torneträsk,,3,0,0,0,0,0,0,54,54,,2002-02-07,
1,Torneträsk,,4,0,0,0,0,0,0,56,56,,2002-02-14,
1,Torneträsk,,17,0,0,0,0,0,0,61,61,,2002-02-21,"Snöskiktet består av frusen snö underst, sedan lös snö, och ovanpå det ett tunt isskikt, och så litet lös snö överst."
1,Torneträsk,,12,0,0,0,0,0,0,65,65,,2002-02-28,
1,Torneträsk,,7,0,0,0,0,0,0,68,68,,2002-03-07,
1,Torneträsk,,21,0,0,0,0,0,0,71,71,,2002-03-14,"Snön är mest kompakt, frusen, men det förekommer skikt av lös snö emellan den frusna snön."
1,Torneträsk,,9,0,0,0,0,0,0,73,73,,2002-03-21,
1,Torneträsk,,8,0,0,0,0,0,0,74,74,,2002-03-28,
1,Torneträsk,,10,0,0,0,0,0,0,77,77,,2002-04-04,Snön består av 8 cm frusen snö med 2 cm mjuk snö ovanpå.
1,Torneträsk,,1,0,0,0,0,0,1,78,79,,2002-04-11,
1,Torneträsk,,2,0,0,0,0,0,0,79,79,,2002-04-18,
1,Torneträsk,,0,2,0,0,0,0,8,68,76,,2002-04-25,
1,Torneträsk,,0,0,0,0,0,0,0,53,53,,2002-05-02,I kolumnen för stöpis har observatören antecknat : 40 cm pipis !
1,Torneträsk,,0,0,0,0,0,0,0,0,0,,2002-05-09,Dålig is.
1,Torneträsk,,0,0,0,0,0,0,0,0,0,,2002-05-16,Det finns mycket öppet vatten.
1,Torneträsk,,0,0,0,0,0,0,0,0,0,2002-05-17,2002-05-23,Mycket tidig islossning i år ! Vi återkommer i december/januari.
1,Torneträsk,,0,0,0,0,0,0,0,10,10,,2002-12-12,"10 cm is i viken. Isen hade nästan lagt sig, men blidväder och hård vind öppnade en stor råk längre ut."
1,Torneträsk,,7,0,0,0,0,0,0,17,17,,2002-12-19,Is endast inne i vikarna. Natten mot den 18/12 blåste isen sönder längre ut.
1,Torneträsk,2002-12-22,5,0,0,0,0,0,0,22,22,,2002-12-27,
1,Torneträsk,,1,0,0,0,0,0,0,37,37,,2003-01-02,
1,Torneträsk,,7,0,0,0,0,0,0,45,45,,2003-01-09,
1,Torneträsk,,13,0,0,0,0,0,0,46,46,,2003-01-16,
1,Torneträsk,,18,0,0,0,0,0,0,52,52,,2003-01-23,
1,Torneträsk,,23,0,0,0,0,0,0,54,54,,2003-01-30,
1,Torneträsk,,15,0,0,0,0,0,0,57,57,,2003-02-06,
1,Torneträsk,,14,0,0,0,0,0,0,65,65,,2003-02-13,
1,Torneträsk,,0,0,4,2,0,0,0,63,67,,2003-02-20,Sedan 9/2 upp till 7 plusgrader  ( i natt -2 gr.)
1,Torneträsk,,0,0,4,2,0,0,0,63,67,,2003-02-21,Sedan 9/2 upp till 7 plusgrader  ( i natt -2 gr ).
1,Torneträsk,,0,0,0,0,0,0,0,65,65,,2003-02-27,Blankis.
1,Torneträsk,,0,0,0,0,0,0,0,69,69,,2003-03-06,
1,Torneträsk,,5,0,0,0,0,0,0,74,74,,2003-03-13,
1,Torneträsk,,4,0,0,0,0,0,0,74,74,,2003-03-20,
1,Torneträsk,,6,0,0,0,0,0,0,73,73,,2003-03-27,
1,Torneträsk,,10,0,0,0,0,0,0,74,74,,2003-04-03,
1,Torneträsk,,8,0,0,0,0,0,0,75,75,,2003-04-10,
1,Torneträsk,,3,0,0,0,0,0,3,75,78,,2003-04-17,
1,Torneträsk,,1,0,0,0,0,0,0,70,70,,2003-04-24,
1,Torneträsk,,0,0,0,0,0,0,0,70,70,,2003-05-01,
1,Torneträsk,,1,0,0,0,0,0,0,66,66,,2003-05-09,
1,Torneträsk,,0,0,0,0,0,0,55,5,60,,2003-05-15,"Vakar vid stranden, isen alldeles knölig, svår att gå på. Det gick inte att avgöra, om det fanns kärnis längst ned - kanske litet."
1,Torneträsk,,0,0,0,0,0,0,0,0,0,,2003-05-22,
1,Torneträsk,,0,0,0,0,0,0,0,0,0,,2003-12-11,Helt öppet vatten ännu.
1,Torneträsk,,0,0,0,0,0,0,0,0,0,,2003-12-18,Tunn is inne i viken men ej mätbart.
1,Torneträsk,2003-12-22,1,0,0,0,0,0,0,15,15,,2003-12-25,
1,Torneträsk,,4,0,0,0,0,0,0,20,20,,2004-01-01,
1,Torneträsk,,4,0,0,0,0,0,0,32,32,,2004-01-08,
1,Torneträsk,,3,0,0,0,0,0,0,37,37,,2004-01-15,
1,Torneträsk,,2,0,0,0,0,0,0,39,39,,2004-01-22,
1,Torneträsk,,6,0,0,0,0,0,0,46,46,,2004-01-29,
1,Torneträsk,,5,0,0,0,0,0,0,53,53,,2004-02-05,
1,Torneträsk,,7,0,0,0,0,0,0,57,57,,2004-02-12,
1,Torneträsk,,7,0,0,0,0,0,0,60,60,,2004-02-19,
1,Torneträsk,,4,0,0,0,0,0,0,34,34,,2004-02-24,
1,Torneträsk,,0,0,0,0,0,0,0,60,60,,2004-02-26,
1,Torneträsk,,3,0,0,0,0,0,0,68,68,,2004-03-04,
1,Torneträsk,,0,0,0,0,0,0,0,70,70,,2004-03-11,Endast fläckvis med snö. Stora ytor med vatten.
1,Torneträsk,,0,0,0,0,0,0,0,71,71,,2004-03-17,
1,Torneträsk,,0,0,0,0,0,0,0,73,73,,2004-03-25,
1,Torneträsk,,2,0,0,0,0,0,0,75,75,,2004-04-01,
1,Torneträsk,,1,0,0,0,0,0,0,82,82,,2004-04-08,
1,Torneträsk,,2,0,0,0,0,0,0,75,75,,2004-04-15,
1,Torneträsk,,0,0,0,0,0,0,0,74,74,,2004-04-23,
1,Torneträsk,,0,0,0,0,0,0,1,72,73,,2004-04-29,
1,Torneträsk,,0,0,0,0,0,0,49,10,59,,2004-05-06,
1,Torneträsk,,0,0,0,0,0,0,0,0,0,,2004-05-13,
1,Torneträsk,,0,0,0,0,0,0,0,0,0,2004-05-28,2004-05-28,Isen gått upp delvis inom synhåll. Isen gått upp över halva sjön.  Isen är på drift.
1,Torneträsk,,0,0,0,0,0,0,0,0,0,2004-06-01,2004-06-03,
1,Torneträsk,,0,0,0,0,0,0,0,0,0,,2004-12-16,"Isläget är under observation, men ännu ingen is inom synhåll."
1,Torneträsk,,0,0,0,0,0,0,0,0,0,,2005-01-13,Isen har lagt sig i vikarna. Mitt på sjön syns det enstaka vakar.
1,Torneträsk,2005-01-22,4,0,0,0,0,0,0,12,12,,2005-01-27,
1,Torneträsk,,11,0,0,0,0,0,0,15,15,,2005-02-03,
1,Torneträsk,,10,0,0,0,0,0,0,28,28,,2005-02-10,
1,Torneträsk,,3,0,0,0,0,0,2,31,33,,2005-02-17,
1,Torneträsk,,3,0,0,0,0,0,0,49,49,,2005-03-03,
1,Torneträsk,,0,0,0,0,0,0,3,48,51,,2005-03-10,
1,Torneträsk,,6,0,0,0,0,0,2,50,52,,2005-03-17,
1,Torneträsk,,11,0,0,0,0,0,3,47,50,,2005-03-24,
1,Torneträsk,,4,0,0,0,0,0,5,52,57,,2005-03-31,
1,Torneträsk,,0,10,0,0,0,0,0,44,44,,2005-04-07,
1,Torneträsk,,5,0,0,0,0,0,0,57,57,,2005-04-14,
1,Torneträsk,,0,0,0,0,0,0,4,58,62,,2005-04-21,
1,Torneträsk,,0,0,0,0,0,0,5,44,49,,2005-04-28,
1,Torneträsk,,0,0,0,0,0,0,4,51,55,,2005-05-04, Litet öppet vatten vid stranden.
1,Torneträsk,,0,0,0,0,0,0,0,0,0,,2005-05-12," Isen ser dålig ut, mörk och landlös."
1,Torneträsk,,0,0,0,0,0,0,0,0,0,,2005-05-19,
1,Torneträsk,,0,0,0,0,0,0,0,0,0,,2005-05-26,"Flytande issörja i vikarna, öppet vatten mitt på sjön."
1,Torneträsk,1/22/2005,0,0,0,0,0,0,0,0,0,6/1/2005,6/1/2005,"I vanliga fall börjar islossningen i öster (Torneträsk, Stenbacken) men i år blev starten i Abisko bassängen -österut den 28/5-05."
1,Torneträsk,12/27/2005,0,0,0,0,0,0,0,29,29,,1/5/2006,"Ingen snö men 2 cm vatten på isen. +3°C, lätt regn."
1,Torneträsk,,0,0,0,0,0,0,0,36,36,,1/13/2006,
1,Torneträsk,,0,0,0,0,0,0,0,42,42,,1/19/2006,
1,Torneträsk,,6,0,0,0,0,0,0,50,50,,1/26/2006,
1,Torneträsk,,2,0,0,0,0,0,0,51,51,,2/2/2006,
1,Torneträsk,,1,0,0,0,0,0,0,63,63,,2/9/2006,
1,Torneträsk,,7,0,0,0,0,0,0,66,66,,2/16/2006,"Snö ligger fläckvis, halv snö, halv is."
1,Torneträsk,,0,0,0,0,0,0,0,70,70,,2/23/2006,
1,Torneträsk,,5,0,0,0,0,0,0,73,73,,3/2/2006,
1,Torneträsk,,5,0,0,0,0,0,0,80,80,,3/9/2006,
1,Torneträsk,,6,0,0,0,0,0,0,85,85,,3/16/2006,
1,Torneträsk,,0,0,0,0,0,0,0,87,87,,3/23/2006,
1,Torneträsk,,0,0,0,0,0,0,0,91,91,,3/30/2006,
1,Torneträsk,,1,0,0,0,0,0,0,93,93,,4/6/2006,
1,Torneträsk,,2,0,0,0,0,0,0,93,93,,4/13/2006,
1,Torneträsk,,0,0,0,0,0,0,20,71,91,,4/20/2006,
1,Torneträsk,,0,0,0,0,0,0,37,50,87,,4/27/2006,
1,Torneträsk,,0,0,0,0,0,0,50,27,77,,5/4/2006,"De 50 cm består av ""pipis"""
1,Torneträsk,,0,0,0,0,0,0,0,0,0,,5/11/2006,Isen är ej så bra att man vill gå ut!
1,Torneträsk,,0,0,0,0,0,0,0,0,0,,5/18/2006,Isen är landlös.
1,Torneträsk,,0,0,0,0,0,0,0,0,0,,6/1/2006,Torneträsk nästan helt isfri
1,Torneträsk,12/27/2005,0,0,0,0,0,0,0,0,0,6/3/2006,6/3/2006,
1,Torneträsk,1/12/2007,4,0,0,0,0,0,0,26,26,,1/18/2007,
1,Torneträsk,,2,0,0,0,0,0,0,32,32,,1/25/2007,
1,Torneträsk,,4,0,0,0,0,0,0,41,41,,2/1/2007,
1,Torneträsk,,3,0,0,0,0,0,0,45,45,,2/8/2007,
1,Torneträsk,,6,0,0,0,0,0,0,52,52,,2/15/2007,
1,Torneträsk,,8,0,0,0,0,0,0,56,56,,2/22/2007,
1,Torneträsk,,7,0,0,0,0,0,0,59,59,,3/1/2007,
1,Torneträsk,,4,0,0,0,0,0,0,64,64,,3/8/2007,
1,Torneträsk,,5,0,0,0,0,0,0,68,68,,3/15/2007,
1,Torneträsk,,9,0,0,0,0,0,0,71,71,,3/22/2007,
1,Torneträsk,,5,0,0,0,0,0,0,70,70,,3/29/2007,
1,Torneträsk,,3,0,0,0,0,0,0,70,70,,4/5/2007,
1,Torneträsk,,1,0,0,0,0,0,0,72,72,,4/12/2007,
1,Torneträsk,,0,0,0,0,0,0,0,65,65,,4/19/2007,
1,Torneträsk,,0,0,0,0,0,0,0,61,61,,4/26/2007,
1,Torneträsk,,0,0,0,0,0,0,40,18,58,,5/3/2007,"De 40 cm består av ""pipis"""
1,Torneträsk,,0,0,0,0,0,0,0,0,0,,5/10/2007,Isen är så pass dålig att jag ej kan rekommendera nån att gå ur och mäta den!
1,Torneträsk,,0,0,0,0,0,0,0,0,0,,5/17/2007,Isen landlös (16/5)
1,Torneträsk,1/12/2007,0,0,0,0,0,0,0,0,0,5/27/2007,5/31/2007,Isen har gått upp inom synhåll men det ligger ett stråk av issörja i Nasaviken (nedanför ANS).
1,Torneträsk,,1,0,0,0,0,0,0,18,18,,1/17/2008,Delar av sjön är fortfarande öppen
1,Torneträsk,1/23/2008,0,0,0,0,0,0,0,30,30,,1/30/2008,
1,Torneträsk,,1,0,0,0,0,0,0,37,37,,2/7/2008,
1,Torneträsk,,3,0,0,0,0,0,0,43,43,,2/14/2008,
1,Torneträsk,,11,0,0,0,0,0,0,44,44,,2/21/2008,
1,Torneträsk,,3,0,0,0,0,0,0,51,51,,2/28/2008,
1,Torneträsk,,10,0,0,0,0,0,0,53,53,,3/6/2008,
1,Torneträsk,,3,0,0,0,0,0,0,59,59,,3/13/2008,
1,Torneträsk,,2,0,0,0,0,0,0,62,62,,3/20/2008,
1,Torneträsk,,8,0,0,0,0,0,0,69,69,,3/27/2008,
1,Torneträsk,,0,0,0,0,0,0,0,74,74,,4/3/2008,
1,Torneträsk,,1,0,0,0,0,0,0,72,72,,4/10/2008,
1,Torneträsk,,3,0,0,0,0,0,0,74,74,,4/17/2008,
1,Torneträsk,,1,0,0,0,0,0,0,76,76,,4/23/2008,
1,Torneträsk,,0,0,0,0,0,0,40,30,70,,5/1/2008,
1,Torneträsk,,0,0,0,0,0,0,32,33,65,,5/8/2008,
1,Torneträsk,,1,0,0,0,0,0,30,32,62,,5/15/2008,"De 30 cm består av ""pipis"""
1,Torneträsk,,0,0,0,0,0,0,0,0,0,,5/22/2008,"Isen verkar vara av sån kvalite att det inte är lönt och gå ut, risk för att man blöter tårna."
1,Torneträsk,1/23/2008,0,0,0,0,0,0,0,0,0,6/7/2008,6/7/2008,
1,Torneträsk,,0,0,0,0,0,0,0,20,20,,12/18/2008,Sjön helt islagd inom syhåll 2008-12-12
1,Torneträsk,,0,0,0,0,0,0,0,29,29,,12/25/2008,Sjön helt öppen 2008-12-27 förutom vid mätplatsen som ligger i skydd av Abiskosoulo
1,Torneträsk,,0,0,0,0,0,0,0,0,0,,1/1/2009,Is endast i vikar
1,Torneträsk,,0,0,0,0,0,0,0,0,0,,1/8/2009,"Sjön är ej frusen, endast vikarna har frusit"
1,Torneträsk,1/16/2009,0,0,0,0,0,0,0,0,0,,1/15/2009,Sjön är inte helt islagd ännu
1,Torneträsk,,0,0,0,0,0,0,0,19,19,,1/22/2009,
1,Torneträsk,,0,0,0,0,0,0,0,33,33,,1/29/2009,
1,Torneträsk,,0,0,0,0,0,0,0,40,40,,2/5/2009,
1,Torneträsk,,7,0,0,0,0,0,0,50,50,,2/12/2009,
1,Torneträsk,,9,0,0,0,0,0,0,55,55,,2/19/2009,
1,Torneträsk,,5,0,0,0,0,0,0,57,57,,2/26/2009,
1,Torneträsk,,8,0,0,0,0,0,0,62,62,,3/5/2009,
1,Torneträsk,,7,0,0,0,0,0,0,67,67,,3/12/2009,
1,Torneträsk,,5,0,0,0,0,0,0,72,72,,3/19/2009,
1,Torneträsk,,3,0,0,0,0,0,0,72,72,,3/26/2009,
1,Torneträsk,,6,0,0,0,0,0,0,76,76,,4/2/2009,
1,Torneträsk,,7,0,0,0,0,0,0,78,78,,4/9/2009,
1,Torneträsk,,0,0,0,0,0,0,0,82,82,,4/16/2009,
1,Torneträsk,,0,0,0,0,0,0,10,70,80,,4/29/2009,
1,Torneträsk,,0,0,0,0,0,0,62,7,69,,5/7/2009,
1,Torneträsk,1/16/2009,0,0,0,0,0,0,0,0,0,5/26/2009,5/14/2009,Isen landlös 2009-05-11
1,Torneträsk,,0,0,0,0,0,0,0,10,10,,12/31/2009,
1,Torneträsk,,3,0,0,0,0,0,0,24,24,,1/7/2010,
1,Torneträsk,,0,0,0,0,0,0,0,27,27,,1/14/2010,
1,Torneträsk,,2,0,0,0,0,0,0,35,35,,1/21/2010,
1,Torneträsk,,0,0,0,0,0,0,0,42,42,,1/28/2010,
1,Torneträsk,,0,0,0,0,0,0,0,57,57,,2/4/2010,
1,Torneträsk,,3,0,0,0,0,0,0,63,63,,2/11/2010,
1,Torneträsk,,0,0,0,0,0,0,0,68,68,,2/18/2010,
1,Torneträsk,,2,0,0,0,0,0,0,78,78,,2/25/2010,
1,Torneträsk,,1,0,0,0,0,0,0,86,86,,3/4/2010,
1,Torneträsk,,1,0,0,0,0,0,0,89,89,,3/11/2010,
1,Torneträsk,,4,0,0,0,0,0,0,90,90,,3/18/2010,
1,Torneträsk,,2,0,0,0,0,0,0,95,95,,3/25/2010,
1,Torneträsk,,3,0,0,0,0,0,0,98,98,,4/1/2010,
1,Torneträsk,,1,0,0,0,0,0,0,100,100,,4/8/2010,
1,Torneträsk,,2,0,0,0,0,0,0,100,100,,4/15/2010,
1,Torneträsk,,1,0,0,0,0,0,0,98,98,,4/22/2010,
1,Torneträsk,,0,0,0,0,0,0,0,96,96,,4/29/2010,
1,Torneträsk,,,,,,,,,,,,5/6/2010,Isobs saknas!
1,Torneträsk,,0,0,0,0,0,0,0,93,93,,5/12/2010,
1,Torneträsk,,0,0,0,0,0,0,0,0,0,,5/20/2010,Landlöst
1,Torneträsk,,0,0,0,0,0,0,0,0,0,,5/27/2010,Landlöst
1,Torneträsk,,0,0,0,0,0,0,0,0,0,,6/10/2010,Torneträsk helt isfri med undantag för Pålnoviken och Lerälven-Pieskenjarga
1,Torneträsk,,0,0,0,0,0,0,0,0,0,6/15/2010,6/15/2010,"Islossning inom synhåll, 2010-06-08, is i Pålnoviken"
1,Torneträsk,,0,0,0,0,0,0,0,0,0,,6/18/2010,En hel del issörja har kommit från vikarna i W-NW och driver ännu omkring i Abisko-bassängen
1,Torneträsk,12/14/2010,0,0,0,0,0,0,0,15,15,,12/16/2010,
1,Torneträsk,,,,,,,,,,,,12/23/2010,Isobs saknas!
1,Torneträsk,,,,,,,,,,,,12/30/2010,Isobs saknas!
1,Torneträsk,,5,0,0,0,0,0,0,50,50,,1/6/2011,
1,Torneträsk,,1,0,0,0,0,0,0,57,57,,1/13/2011,
1,Torneträsk,,2,0,0,0,0,0,0,63,63,,1/20/2011,
1,Torneträsk,,7,0,0,0,0,0,0,68,68,,1/27/2011,
1,Torneträsk,,7,0,0,0,0,0,0,71,71,,2/3/2011,
1,Torneträsk,,6,0,0,0,0,0,0,76,76,,2/10/2011,
1,Torneträsk,,6,0,0,0,0,0,0,81,81,,2/17/2011,
1,Torneträsk,,7,0,0,0,0,0,0,86,86,,2/24/2011,
1,Torneträsk,,7,0,0,0,0,0,0,92,92,,3/3/2011,
1,Torneträsk,,10,0,0,0,0,0,0,93,93,,3/10/2011,
1,Torneträsk,,8,0,0,0,0,0,0,94,94,,3/17/2011,
1,Torneträsk,,4,0,0,0,0,0,0,98,98,,3/24/2011,
1,Torneträsk,,10,0,0,0,0,0,2,97,99,,3/31/2011,
1,Torneträsk,,4,0,0,0,0,0,0,101,101,,4/7/2011,
1,Torneträsk,,5,0,0,0,0,0,0,101,101,,4/14/2011,
1,Torneträsk,,1,0,0,0,0,0,3,96,99,,4/21/2011,
1,Torneträsk,,0,0,0,0,0,0,5,93,98,,4/28/2011,
1,Torneträsk,,0,0,0,0,0,0,2,93,95,,5/5/2011,
1,Torneträsk,,0,0,0,0,0,0,3,74,77,,5/13/2011,
1,Torneträsk,,0,0,0,0,0,0,6,71,77,,5/19/2011,
1,Torneträsk,,0,0,0,0,0,0,0,0,0,6/5/2011,5/26/2011,Landlöst
1,Torneträsk,1/25/2012,2,0,0,0,0,0,0,27,27,,2/2/2012,
1,Torneträsk,,2,0,0,0,0,0,0,43,43,,2/9/2012,
1,Torneträsk,,3,0,0,0,0,0,0,45,45,,2/16/2012,
1,Torneträsk,,2,0,0,0,0,0,0,49,49,,2/23/2012,
1,Torneträsk,,10,0,0,0,0,0,0,54,54,,3/1/2012,
1,Torneträsk,,3,0,0,0,0,0,0,56,56,,3/8/2012,
1,Torneträsk,,8,0,0,0,0,0,0,59,59,,3/15/2012,
1,Torneträsk,,5,0,0,0,0,0,0,62,62,,3/22/2012,
1,Torneträsk,,0,0,0,0,0,0,0,63,63,,3/29/2012,5 cm vatten på isen
1,Torneträsk,,2,0,0,0,0,0,4,65,69,,4/5/2012,
1,Torneträsk,,4,0,0,0,0,0,0,70,70,,4/12/2012,
1,Torneträsk,,2,0,0,0,0,0,3,72,75,,4/19/2012,
1,Torneträsk,,2,0,0,0,0,0,3,71,74,,4/26/2012,
1,Torneträsk,,1,0,0,0,0,0,2,68,70,,5/3/2012,
1,Torneträsk,,0,0,0,0,0,0,3,66,69,,5/10/2012,
1,Torneträsk,,0,0,0,0,0,0,11,53,64,,5/17/2012,
1,Torneträsk,,0,0,0,0,0,0,0,0,52,,5/24/2012,"Pipis, snart rutten"
1,Torneträsk,,0,0,0,0,0,0,0,0,0,6/13/2012,5/31/2012,Öppet vatten mot land
1,Torneträsk,12/21/2012,3,0,0,0,0,0,0,30,30,,1/3/2013,Skoter dagligen på isen första gången.
1,Torneträsk,,3,0,0,0,0,0,0,37,37,,1/10/2013,
1,Torneträsk,,5,0,0,0,0,0,0,38,38,,1/17/2013,
1,Torneträsk,,1,0,0,0,0,0,0,43,43,,1/24/2013,
1,Torneträsk,,4,0,0,0,0,0,0,49,49,,1/31/2013,
1,Torneträsk,,1,0,0,0,0,0,0,55,55,,2/7/2013,
1,Torneträsk,,4,0,0,0,0,0,0,60,60,,2/14/2013,
1,Torneträsk,,3,0,0,0,0,0,0,72,72,,2/21/2013,
1,Torneträsk,,0,0,0,0,0,0,4,68,72,,2/28/2013,
1,Torneträsk,,1,0,0,0,0,0,0,78,78,,3/7/2013,
1,Torneträsk,,3,0,0,0,0,0,0,80,80,,3/14/2013,
1,Torneträsk,,0,0,0,0,0,0,0,90,90,,3/28/2013,
1,Torneträsk,,2,0,0,0,0,0,2,87,89,,4/4/2013,
1,Torneträsk,,0,0,0,0,0,0,0,91,91,,4/11/2013,
1,Torneträsk,,1,0,0,0,0,0,3,88,91,,4/18/2013,
1,Torneträsk,,0,0,0,0,0,0,5,84,89,,4/25/2013,
1,Torneträsk,,0,0,0,0,0,0,3,83,86,,5/2/2013,
1,Torneträsk,,0,0,0,0,0,0,7,72,79,,5/8/2013,
1,Torneträsk,,0,0,0,0,0,0,0,0,58,,5/15/2013,"Hela isen pipis, ingen kärnis.. Skoter dagligen på isen sista gången."
1,Torneträsk,,0,0,0,0,0,0,0,0,0,,5/23/2013,Isen är mer eller mindre landlös 2013-05-12
1,Torneträsk,,0,0,0,0,0,0,0,0,0,6/3/2013,6/3/2013,Isfritt.
1,Torneträsk,1/12/2014,0,0,0,0,0,0,0,24,24,,1/16/2014,
1,Torneträsk,,0,0,0,0,0,0,0,44,44,,1/23/2014,
1,Torneträsk,,0,0,0,0,0,0,0,59,59,,1/30/2014,Skoter på isen första gången.
1,Torneträsk,,6,0,0,0,0,0,0,68,68,,2/6/2014,
1,Torneträsk,,0,0,0,0,0,0,0,69,69,,2/13/2014,
1,Torneträsk,,2,0,0,0,0,0,0,72,72,,2/20/2014,
1,Torneträsk,,0,0,0,0,0,0,0,74,74,,2/27/2014,
1,Torneträsk,,0,0,0,0,0,0,0,79,79,,3/7/2014,
1,Torneträsk,,7,0,0,0,0,0,3,80,83,,3/13/2014,
1,Torneträsk,,0,0,0,0,0,0,2,84,86,,3/20/2014,
1,Torneträsk,,4,0,0,0,0,0,0,86,86,,3/27/2014,
1,Torneträsk,,3,0,0,0,0,0,0,87,87,,4/3/2014,
1,Torneträsk,,3,0,0,0,0,0,0,89,89,,4/10/2014,
1,Torneträsk,,0,0,0,0,0,0,0,88,88,,4/17/2014,
1,Torneträsk,,0,0,0,0,0,0,0,85,85,,4/24/2014,
1,Torneträsk,,2,0,0,0,0,0,4,76,80,,4/30/2014,
1,Torneträsk,,0,0,0,0,0,0,2,78,80,,5/8/2014,
1,Torneträsk,,0,0,0,0,0,0,3,74,77,,5/15/2014,Skoter på isen sista gången.
1,Torneträsk,,0,0,0,0,0,0,0,0,0,,5/22/2014,Isen landlös.
1,Torneträsk,,0,0,0,0,0,0,0,0,0,6/8/2014,6/8/2014,Isen upp hela sjön.
1,Torneträsk,12/24/2014,0,0,0,0,0,0,0,15,15,,1/2/2015,Isen gångbar 2014-12-25
1,Torneträsk,,0,0,0,0,0,0,0,23,23,,1/8/2015,
1,Torneträsk,,2,0,0,0,0,0,0,35,35,,1/11/2015,
1,Torneträsk,,2,0,0,0,0,0,0,47,47,,1/22/2015,
1,Torneträsk,,12,0,0,0,0,0,0,55,55,,1/29/2015,
1,Torneträsk,,7,0,0,0,0,0,0,59,59,,2/5/2015,
1,Torneträsk,,14,0,0,0,0,0,0,64,64,,2/12/2015,
1,Torneträsk,,14,0,0,0,0,0,0,65,65,,2/19/2015,
1,Torneträsk,,9,0,0,0,0,0,0,68,68,,2/26/2015,
1,Torneträsk,,10,0,0,0,0,0,0,69,69,,3/5/2015,
1,Torneträsk,,25,0,0,0,0,0,0,71,71,,3/12/2015,
1,Torneträsk,,9,0,0,0,0,0,0,76,76,,3/19/2015,
1,Torneträsk,,21,0,0,0,0,0,0,77,77,,3/26/2015,
1,Torneträsk,,23,0,0,0,0,0,0,77,77,,4/2/2015,
1,Torneträsk,,15,0,0,0,0,0,0,78,78,,4/9/2015,
1,Torneträsk,,12,0,0,0,0,0,0,81,81,,4/15/2015,
1,Torneträsk,,1,0,0,0,0,0,0,79,79,,4/23/2015,
1,Torneträsk,,6,0,0,0,0,0,0,77,77,,4/30/2015,
1,Torneträsk,,0,0,0,0,0,0,2,74,76,,5/7/2015,
1,Torneträsk,,1,0,0,0,0,0,4,64,68,,5/13/2015,
1,Torneträsk,,0,0,0,0,0,0,0,0,0,6/8/2015,5/21/2015,"Isen bitvis landlös, ingen ismätning."
1,Torneträsk,1/8/2016,0,0,0,0,0,0,0,30,30,,1/14/2016,Isen först gångbar 2016-01-10
1,Torneträsk,,0,0,0,0,0,0,0,45,45,,1/21/2016,
1,Torneträsk,,7,0,0,0,0,0,0,49,49,,1/28/2016,
1,Torneträsk,,3,0,0,0,0,0,0,55,55,,2/4/2016,
1,Torneträsk,,22,0,0,0,0,0,0,58,58,,2/11/2016,
1,Torneträsk,,16,0,0,0,0,0,0,56,56,,2/18/2016,
1,Torneträsk,,9,0,0,0,0,0,0,61,61,,2/25/2016,
1,Torneträsk,,13,0,0,0,0,0,0,62,62,,3/3/2016,
1,Torneträsk,,11,0,0,0,0,0,0,65,65,,3/10/2016,
1,Torneträsk,,0,0,0,0,0,0,5,68,73,,3/17/2016,"Snön på isen har smält och frusit till ""stöpis"". Inne vid land brister stöpisen och det är vatten under. Längre ut vid mätstället har stöpisen frusit ihop."
1,Torneträsk,,11,0,0,0,0,0,0,76,76,,3/24/2016,
1,Torneträsk,,0,0,0,0,0,0,0,77,77,,3/31/2016,
1,Torneträsk,,2,0,0,0,0,0,0,74,74,,4/7/2016,
1,Torneträsk,,2,0,0,0,0,0,0,75,75,,4/14/2016,
1,Torneträsk,,1,0,0,0,0,0,0,76,76,,4/21/2016,
1,Torneträsk,,0,1,0,0,0,0,0,76,76,,4/28/2016,"Regnade och blåste hela gårdagen. Idag vattenpölar på isen ca 1 cm djupa, i övrigt bra kärnis."
1,Torneträsk,,1,0,0,0,0,0,2,68,70,,5/4/2016,
1,Torneträsk,,0,0,0,0,0,0,3,56,59,,5/12/2016,
1,Torneträsk,,0,0,0,0,0,0,0,0,0,5/29/2016,5/19/2016,Isen landlös.
1,Torneträsk,,0,6,0,0,0,0,0,16,16,,1/26/2017,Hela sjön är fortfarande ej islagd.
1,Torneträsk,,2,0,0,0,0,0,3,20,23,,2/2/2017,Hela sjön är fortfarande ej islagd.
1,Torneträsk,2/6/2017,2,0,0,0,0,0,4,31,35,,2/9/2017,
1,Torneträsk,,0,0,0,0,0,0,0,35,35,,2/16/2017,
1,Torneträsk,,6,0,0,0,0,0,0,41,41,,2/23/2017,
1,Torneträsk,,2,0,0,0,0,0,0,48,48,,3/2/2017,
1,Torneträsk,,1,0,0,0,0,0,0,56,56,,3/9/2017,
1,Torneträsk,,1,0,0,0,0,0,0,56,56,,3/16/2017,
1,Torneträsk,,5,0,0,0,0,0,0,57,57,,3/23/2017,
1,Torneträsk,,5,0,0,0,0,0,0,60,60,,3/30/2017,
1,Torneträsk,,0,0,0,0,0,0,0,65,65,,4/6/2017,
1,Torneträsk,,2,0,0,0,0,0,0,64,64,,4/13/2017,
1,Torneträsk,,2,0,0,0,0,0,0,68,68,,4/20/2017,
1,Torneträsk,,7,0,0,0,0,0,0,68,68,,4/27/2017,
1,Torneträsk,,3,0,0,0,0,0,0,72,72,,5/4/2017,
1,Torneträsk,,0,0,0,0,0,0,0,67,67,,5/11/2017,"Lätt att borra, stora bitar lossnade. Pipis."
1,Torneträsk,,0,0,0,0,0,0,0,60,60,,5/18/2017,
1,Torneträsk,,0,0,0,0,0,0,0,51,51,,5/24/2017,"Pipig våris, 5cm på toppen med smalstavig hård och torr is. Resterande lager mycket poröst, isstavar och isbitar. Isen delvis landlös."
1,Torneträsk,12/17/2017,4,0,0,0,0,0,0,9,9,,12/21/2017,Jämnt snötäcke.
1,Torneträsk,,5,0,0,0,0,0,0,18,18,,12/28/2017,Jämnt snötäcke.
1,Torneträsk,,2,0,0,0,0,0,0,28,28,,1/4/2018,"Ojämnt snötäcke, vinddrivor"
1,Torneträsk,,4,0,0,0,0,0,0,29,29,,1/11/2018,
1,Torneträsk,,0,0,0,0,0,0,0,39,39,,1/18/2018,
1,Torneträsk,,0,0,0,0,0,0,0,53,53,,1/25/2018,Ojämnt snötäcke
1,Torneträsk,,0,0,0,0,0,0,0,62,62,,2/1/2018,Ojämnt snötäcke
1,Torneträsk,,2,0,0,0,0,0,0,74,74,,2/8/2018,Ojämnt snötäcke
1,Torneträsk,,0,0,0,0,0,0,0,77,77,,2/15/2018,Ojämt snötäcke och bitvis avsaknad av snötäcke.
1,Torneträsk,,0,0,0,0,0,0,0,85,85,,2/22/2018,Ojämt snötäcke och bitvis avsaknad av snötäcke.
1,Torneträsk,,0,0,0,0,0,0,0,93,93,,3/1/2018,Ojämt snötäcke och bitvis avsaknad av snötäcke.
1,Torneträsk,,1,0,0,0,0,0,0,95,95,,3/8/2018,Ojämt snötäcke och bitvis avsaknad av snötäcke.
1,Torneträsk,,4,0,0,0,0,0,0,102,102,,3/15/2018,Jämnt snötäcke över hela isen.
1,Torneträsk,,13,0,0,0,0,0,0,105,105,,3/22/2018,Jämt snötäcke
1,Torneträsk,,9,0,0,0,0,0,0,106,106,,3/29/2018,Ojämt snötäcke 
1,Torneträsk,,5,0,0,0,0,0,0,107,107,,4/5/2018,Ojämnt snötäcke
1,Torneträsk,,6,0,0,0,0,0,0,109,109,,4/12/2018,Ojämt snötäcke
1,Torneträsk,,3,0,0,0,0,0,0,109,109,,4/19/2018,Ojämnt snötäcke
1,Torneträsk,,0,0,0,0,0,0,3,104,107,,4/26/2018,"Första 3 cm ""pip-is"". Fläckvis blötsnö/grynig is på ytan"
1,Torneträsk,,0,0,0,0,0,0,2,98,100,,5/3/2018,"Tendens till vattenmättad pipis genom hela istäcket., Torr på ytan"
1,Torneträsk,,0,0,0,0,0,0,95,0,95,,5/9/2018,Isen ganska pipig och vattenmättad groggis kommer upp när man borrar
1,Torneträsk,,0,0,0,0,0,0,0,0,0,,5/17/2018,Isen landlös och ej gångbar
1,Torneträsk,,0,0,0,0,0,0,0,0,0,5/26/2018,5/26/2018,Isfritt.
1,Torneträsk,1/24/2019,6,0,0,0,0,0,0,15,15,,1/24/2019,Ojämnt snötäcke
1,Torneträsk,,3,0,0,0,0,0,0,30,30,,1/31/2019,Ojämnt snötäcke
1,Torneträsk,,4,0,0,0,0,0,0,43,43,,2/7/2019,Ojjämnt snötäcke
1,Torneträsk,,4,0,0,0,0,0,0,51,51,,2/14/2019,Ojämnt snöätcke
1,Torneträsk,,12,0,0,0,0,0,0,49,49,,2/21/2019,"Ojämt snötäcke (mina tre mäthål var 50,45,53 cm"
1,Torneträsk,,3,0,0,0,0,0,4,51,55,,2/27/2019,Ojämt snötäcke
1,Torneträsk,,7,0,0,0,0,0,0,63,63,,3/7/2019,Tämligen jämt snötäcke
1,Torneträsk,,9,0,0,0,0,0,0,60,60,,3/14/2019,Jämnt snötäcke
1,Torneträsk,,11,0,0,0,0,0,10,57,67,,3/20/2019,Jämnt snötäcke
1,Torneträsk,,5,0,0,0,0,0,6,64,68,,3/27/2019,"Ojämt snötäcke, delvis blöt"
1,Torneträsk,,19,0,0,0,0,0,0,68,68,,4/4/2019,Ganska jämnt snötäcke
1,Torneträsk,,11,0,0,0,0,0,0,75,75,,4/11/2019,Ganska jämnt snötäcke
1,Torneträsk,,8,0,0,0,0,0,0,68,68,,4/18/2019,Ganska jämnt snötäcke
1,Torneträsk,,0,0,0,0,0,0,3,62,65,,4/25/2019,
1,Torneträsk,,1,0,0,0,0,0,0,0,63,,5/2/2019,Istärningar - groggis upp när man borrar.
1,Torneträsk,,1,0,0,0,0,0,0,60,60,,5/9/2019,"Fast och fin is, lite blöt i botten. Jämt snötäcke"
1,Torneträsk,,0,0,0,0,0,0,0,0,0,6/1/2019,6/1/2019,Isfritt.